image,label,filepath
2031421,737-600,C:\Users\Emilija\Desktop\AircraftClassifier_CNN_SVM\data\raw\fgvc-aircraft-2013b\data\images\2031421.jpg
0523223,727-200,C:\Users\Emilija\Desktop\AircraftClassifier_CNN_SVM\data\raw\fgvc-aircraft-2013b\data\images\0523223.jpg
0097111,737-500,C:\Users\Emilija\Desktop\AircraftClassifier_CNN_SVM\data\raw\fgvc-aircraft-2013b\data\images\0097111.jpg
0218852,737-900,C:\Users\Emilija\Desktop\AircraftClassifier_CNN_SVM\data\raw\fgvc-aircraft-2013b\data\images\0218852.jpg
2038532,737-700,C:\Users\Emilija\Desktop\AircraftClassifier_CNN_SVM\data\raw\fgvc-aircraft-2013b\data\images\2038532.jpg
0901498,707-320,C:\Users\Emilija\Desktop\AircraftClassifier_CNN_SVM\data\raw\fgvc-aircraft-2013b\data\images\0901498.jpg
1527501,737-400,C:\Users\Emilija\Desktop\AircraftClassifier_CNN_SVM\data\raw\fgvc-aircraft-2013b\data\images\1527501.jpg
0812092,707-320,C:\Users\Emilija\Desktop\AircraftClassifier_CNN_SVM\data\raw\fgvc-aircraft-2013b\data\images\0812092.jpg
0062765,707-320,C:\Users\Emilija\Desktop\AircraftClassifier_CNN_SVM\data\raw\fgvc-aircraft-2013b\data\images\0062765.jpg
1516339,737-200,C:\Users\Emilija\Desktop\AircraftClassifier_CNN_SVM\data\raw\fgvc-aircraft-2013b\data\images\1516339.jpg
0799595,737-300,C:\Users\Emilija\Desktop\AircraftClassifier_CNN_SVM\data\raw\fgvc-aircraft-2013b\data\images\0799595.jpg
2137130,737-800,C:\Users\Emilija\Desktop\AircraftClassifier_CNN_SVM\data\raw\fgvc-aircraft-2013b\data\images\2137130.jpg
1577681,737-500,C:\Users\Emilija\Desktop\AircraftClassifier_CNN_SVM\data\raw\fgvc-aircraft-2013b\data\images\1577681.jpg
0732410,707-320,C:\Users\Emilija\Desktop\AircraftClassifier_CNN_SVM\data\raw\fgvc-aircraft-2013b\data\images\0732410.jpg
2236966,737-700,C:\Users\Emilija\Desktop\AircraftClassifier_CNN_SVM\data\raw\fgvc-aircraft-2013b\data\images\2236966.jpg
0657761,737-500,C:\Users\Emilija\Desktop\AircraftClassifier_CNN_SVM\data\raw\fgvc-aircraft-2013b\data\images\0657761.jpg
1361876,737-200,C:\Users\Emilija\Desktop\AircraftClassifier_CNN_SVM\data\raw\fgvc-aircraft-2013b\data\images\1361876.jpg
0950991,707-320,C:\Users\Emilija\Desktop\AircraftClassifier_CNN_SVM\data\raw\fgvc-aircraft-2013b\data\images\0950991.jpg
0951982,707-320,C:\Users\Emilija\Desktop\AircraftClassifier_CNN_SVM\data\raw\fgvc-aircraft-2013b\data\images\0951982.jpg
1393334,737-300,C:\Users\Emilija\Desktop\AircraftClassifier_CNN_SVM\data\raw\fgvc-aircraft-2013b\data\images\1393334.jpg
1382601,737-400,C:\Users\Emilija\Desktop\AircraftClassifier_CNN_SVM\data\raw\fgvc-aircraft-2013b\data\images\1382601.jpg
2170857,737-500,C:\Users\Emilija\Desktop\AircraftClassifier_CNN_SVM\data\raw\fgvc-aircraft-2013b\data\images\2170857.jpg
0063291,727-200,C:\Users\Emilija\Desktop\AircraftClassifier_CNN_SVM\data\raw\fgvc-aircraft-2013b\data\images\0063291.jpg
1891664,737-500,C:\Users\Emilija\Desktop\AircraftClassifier_CNN_SVM\data\raw\fgvc-aircraft-2013b\data\images\1891664.jpg
2031382,737-400,C:\Users\Emilija\Desktop\AircraftClassifier_CNN_SVM\data\raw\fgvc-aircraft-2013b\data\images\2031382.jpg
0920409,727-200,C:\Users\Emilija\Desktop\AircraftClassifier_CNN_SVM\data\raw\fgvc-aircraft-2013b\data\images\0920409.jpg
1244287,737-800,C:\Users\Emilija\Desktop\AircraftClassifier_CNN_SVM\data\raw\fgvc-aircraft-2013b\data\images\1244287.jpg
0730793,727-200,C:\Users\Emilija\Desktop\AircraftClassifier_CNN_SVM\data\raw\fgvc-aircraft-2013b\data\images\0730793.jpg
0383402,737-600,C:\Users\Emilija\Desktop\AircraftClassifier_CNN_SVM\data\raw\fgvc-aircraft-2013b\data\images\0383402.jpg
0062679,737-200,C:\Users\Emilija\Desktop\AircraftClassifier_CNN_SVM\data\raw\fgvc-aircraft-2013b\data\images\0062679.jpg
1385341,737-800,C:\Users\Emilija\Desktop\AircraftClassifier_CNN_SVM\data\raw\fgvc-aircraft-2013b\data\images\1385341.jpg
0523207,737-400,C:\Users\Emilija\Desktop\AircraftClassifier_CNN_SVM\data\raw\fgvc-aircraft-2013b\data\images\0523207.jpg
0490186,737-700,C:\Users\Emilija\Desktop\AircraftClassifier_CNN_SVM\data\raw\fgvc-aircraft-2013b\data\images\0490186.jpg
1885830,737-800,C:\Users\Emilija\Desktop\AircraftClassifier_CNN_SVM\data\raw\fgvc-aircraft-2013b\data\images\1885830.jpg
1149871,737-500,C:\Users\Emilija\Desktop\AircraftClassifier_CNN_SVM\data\raw\fgvc-aircraft-2013b\data\images\1149871.jpg
1054095,737-700,C:\Users\Emilija\Desktop\AircraftClassifier_CNN_SVM\data\raw\fgvc-aircraft-2013b\data\images\1054095.jpg
0496901,737-900,C:\Users\Emilija\Desktop\AircraftClassifier_CNN_SVM\data\raw\fgvc-aircraft-2013b\data\images\0496901.jpg
2233944,737-900,C:\Users\Emilija\Desktop\AircraftClassifier_CNN_SVM\data\raw\fgvc-aircraft-2013b\data\images\2233944.jpg
0195013,737-400,C:\Users\Emilija\Desktop\AircraftClassifier_CNN_SVM\data\raw\fgvc-aircraft-2013b\data\images\0195013.jpg
1315141,737-700,C:\Users\Emilija\Desktop\AircraftClassifier_CNN_SVM\data\raw\fgvc-aircraft-2013b\data\images\1315141.jpg
0965611,737-300,C:\Users\Emilija\Desktop\AircraftClassifier_CNN_SVM\data\raw\fgvc-aircraft-2013b\data\images\0965611.jpg
0907378,727-200,C:\Users\Emilija\Desktop\AircraftClassifier_CNN_SVM\data\raw\fgvc-aircraft-2013b\data\images\0907378.jpg
1085719,737-800,C:\Users\Emilija\Desktop\AircraftClassifier_CNN_SVM\data\raw\fgvc-aircraft-2013b\data\images\1085719.jpg
0979665,737-400,C:\Users\Emilija\Desktop\AircraftClassifier_CNN_SVM\data\raw\fgvc-aircraft-2013b\data\images\0979665.jpg
1910716,737-900,C:\Users\Emilija\Desktop\AircraftClassifier_CNN_SVM\data\raw\fgvc-aircraft-2013b\data\images\1910716.jpg
0522856,737-300,C:\Users\Emilija\Desktop\AircraftClassifier_CNN_SVM\data\raw\fgvc-aircraft-2013b\data\images\0522856.jpg
1345732,707-320,C:\Users\Emilija\Desktop\AircraftClassifier_CNN_SVM\data\raw\fgvc-aircraft-2013b\data\images\1345732.jpg
0062655,737-400,C:\Users\Emilija\Desktop\AircraftClassifier_CNN_SVM\data\raw\fgvc-aircraft-2013b\data\images\0062655.jpg
0192179,737-900,C:\Users\Emilija\Desktop\AircraftClassifier_CNN_SVM\data\raw\fgvc-aircraft-2013b\data\images\0192179.jpg
0428657,737-400,C:\Users\Emilija\Desktop\AircraftClassifier_CNN_SVM\data\raw\fgvc-aircraft-2013b\data\images\0428657.jpg
1927313,737-300,C:\Users\Emilija\Desktop\AircraftClassifier_CNN_SVM\data\raw\fgvc-aircraft-2013b\data\images\1927313.jpg
0987619,737-400,C:\Users\Emilija\Desktop\AircraftClassifier_CNN_SVM\data\raw\fgvc-aircraft-2013b\data\images\0987619.jpg
1603035,737-800,C:\Users\Emilija\Desktop\AircraftClassifier_CNN_SVM\data\raw\fgvc-aircraft-2013b\data\images\1603035.jpg
0487357,737-400,C:\Users\Emilija\Desktop\AircraftClassifier_CNN_SVM\data\raw\fgvc-aircraft-2013b\data\images\0487357.jpg
0174054,737-900,C:\Users\Emilija\Desktop\AircraftClassifier_CNN_SVM\data\raw\fgvc-aircraft-2013b\data\images\0174054.jpg
1987009,737-800,C:\Users\Emilija\Desktop\AircraftClassifier_CNN_SVM\data\raw\fgvc-aircraft-2013b\data\images\1987009.jpg
1318819,707-320,C:\Users\Emilija\Desktop\AircraftClassifier_CNN_SVM\data\raw\fgvc-aircraft-2013b\data\images\1318819.jpg
0116708,737-400,C:\Users\Emilija\Desktop\AircraftClassifier_CNN_SVM\data\raw\fgvc-aircraft-2013b\data\images\0116708.jpg
1759296,737-600,C:\Users\Emilija\Desktop\AircraftClassifier_CNN_SVM\data\raw\fgvc-aircraft-2013b\data\images\1759296.jpg
1823113,737-600,C:\Users\Emilija\Desktop\AircraftClassifier_CNN_SVM\data\raw\fgvc-aircraft-2013b\data\images\1823113.jpg
0192625,737-600,C:\Users\Emilija\Desktop\AircraftClassifier_CNN_SVM\data\raw\fgvc-aircraft-2013b\data\images\0192625.jpg
1979663,737-700,C:\Users\Emilija\Desktop\AircraftClassifier_CNN_SVM\data\raw\fgvc-aircraft-2013b\data\images\1979663.jpg
0731614,707-320,C:\Users\Emilija\Desktop\AircraftClassifier_CNN_SVM\data\raw\fgvc-aircraft-2013b\data\images\0731614.jpg
1577934,737-900,C:\Users\Emilija\Desktop\AircraftClassifier_CNN_SVM\data\raw\fgvc-aircraft-2013b\data\images\1577934.jpg
0337266,737-700,C:\Users\Emilija\Desktop\AircraftClassifier_CNN_SVM\data\raw\fgvc-aircraft-2013b\data\images\0337266.jpg
2080548,737-600,C:\Users\Emilija\Desktop\AircraftClassifier_CNN_SVM\data\raw\fgvc-aircraft-2013b\data\images\2080548.jpg
2230427,737-900,C:\Users\Emilija\Desktop\AircraftClassifier_CNN_SVM\data\raw\fgvc-aircraft-2013b\data\images\2230427.jpg
0729223,707-320,C:\Users\Emilija\Desktop\AircraftClassifier_CNN_SVM\data\raw\fgvc-aircraft-2013b\data\images\0729223.jpg
0723229,737-500,C:\Users\Emilija\Desktop\AircraftClassifier_CNN_SVM\data\raw\fgvc-aircraft-2013b\data\images\0723229.jpg
0522884,737-200,C:\Users\Emilija\Desktop\AircraftClassifier_CNN_SVM\data\raw\fgvc-aircraft-2013b\data\images\0522884.jpg
2235588,737-700,C:\Users\Emilija\Desktop\AircraftClassifier_CNN_SVM\data\raw\fgvc-aircraft-2013b\data\images\2235588.jpg
1696061,737-400,C:\Users\Emilija\Desktop\AircraftClassifier_CNN_SVM\data\raw\fgvc-aircraft-2013b\data\images\1696061.jpg
1779244,737-400,C:\Users\Emilija\Desktop\AircraftClassifier_CNN_SVM\data\raw\fgvc-aircraft-2013b\data\images\1779244.jpg
1620906,737-500,C:\Users\Emilija\Desktop\AircraftClassifier_CNN_SVM\data\raw\fgvc-aircraft-2013b\data\images\1620906.jpg
2227920,737-300,C:\Users\Emilija\Desktop\AircraftClassifier_CNN_SVM\data\raw\fgvc-aircraft-2013b\data\images\2227920.jpg
0894319,737-200,C:\Users\Emilija\Desktop\AircraftClassifier_CNN_SVM\data\raw\fgvc-aircraft-2013b\data\images\0894319.jpg
1222203,737-300,C:\Users\Emilija\Desktop\AircraftClassifier_CNN_SVM\data\raw\fgvc-aircraft-2013b\data\images\1222203.jpg
0931601,737-600,C:\Users\Emilija\Desktop\AircraftClassifier_CNN_SVM\data\raw\fgvc-aircraft-2013b\data\images\0931601.jpg
0987261,707-320,C:\Users\Emilija\Desktop\AircraftClassifier_CNN_SVM\data\raw\fgvc-aircraft-2013b\data\images\0987261.jpg
0740881,727-200,C:\Users\Emilija\Desktop\AircraftClassifier_CNN_SVM\data\raw\fgvc-aircraft-2013b\data\images\0740881.jpg
1244625,737-600,C:\Users\Emilija\Desktop\AircraftClassifier_CNN_SVM\data\raw\fgvc-aircraft-2013b\data\images\1244625.jpg
1059846,727-200,C:\Users\Emilija\Desktop\AircraftClassifier_CNN_SVM\data\raw\fgvc-aircraft-2013b\data\images\1059846.jpg
1842040,737-600,C:\Users\Emilija\Desktop\AircraftClassifier_CNN_SVM\data\raw\fgvc-aircraft-2013b\data\images\1842040.jpg
0810608,707-320,C:\Users\Emilija\Desktop\AircraftClassifier_CNN_SVM\data\raw\fgvc-aircraft-2013b\data\images\0810608.jpg
0582367,727-200,C:\Users\Emilija\Desktop\AircraftClassifier_CNN_SVM\data\raw\fgvc-aircraft-2013b\data\images\0582367.jpg
1323729,737-300,C:\Users\Emilija\Desktop\AircraftClassifier_CNN_SVM\data\raw\fgvc-aircraft-2013b\data\images\1323729.jpg
0063052,727-200,C:\Users\Emilija\Desktop\AircraftClassifier_CNN_SVM\data\raw\fgvc-aircraft-2013b\data\images\0063052.jpg
0311908,737-900,C:\Users\Emilija\Desktop\AircraftClassifier_CNN_SVM\data\raw\fgvc-aircraft-2013b\data\images\0311908.jpg
1354835,737-900,C:\Users\Emilija\Desktop\AircraftClassifier_CNN_SVM\data\raw\fgvc-aircraft-2013b\data\images\1354835.jpg
0548719,707-320,C:\Users\Emilija\Desktop\AircraftClassifier_CNN_SVM\data\raw\fgvc-aircraft-2013b\data\images\0548719.jpg
0842393,737-700,C:\Users\Emilija\Desktop\AircraftClassifier_CNN_SVM\data\raw\fgvc-aircraft-2013b\data\images\0842393.jpg
1842045,737-500,C:\Users\Emilija\Desktop\AircraftClassifier_CNN_SVM\data\raw\fgvc-aircraft-2013b\data\images\1842045.jpg
1337431,727-200,C:\Users\Emilija\Desktop\AircraftClassifier_CNN_SVM\data\raw\fgvc-aircraft-2013b\data\images\1337431.jpg
1899111,737-300,C:\Users\Emilija\Desktop\AircraftClassifier_CNN_SVM\data\raw\fgvc-aircraft-2013b\data\images\1899111.jpg
2188154,737-700,C:\Users\Emilija\Desktop\AircraftClassifier_CNN_SVM\data\raw\fgvc-aircraft-2013b\data\images\2188154.jpg
0562553,737-600,C:\Users\Emilija\Desktop\AircraftClassifier_CNN_SVM\data\raw\fgvc-aircraft-2013b\data\images\0562553.jpg
1272643,737-500,C:\Users\Emilija\Desktop\AircraftClassifier_CNN_SVM\data\raw\fgvc-aircraft-2013b\data\images\1272643.jpg
1384649,737-500,C:\Users\Emilija\Desktop\AircraftClassifier_CNN_SVM\data\raw\fgvc-aircraft-2013b\data\images\1384649.jpg
1713238,737-200,C:\Users\Emilija\Desktop\AircraftClassifier_CNN_SVM\data\raw\fgvc-aircraft-2013b\data\images\1713238.jpg
2195500,737-900,C:\Users\Emilija\Desktop\AircraftClassifier_CNN_SVM\data\raw\fgvc-aircraft-2013b\data\images\2195500.jpg
0523229,737-200,C:\Users\Emilija\Desktop\AircraftClassifier_CNN_SVM\data\raw\fgvc-aircraft-2013b\data\images\0523229.jpg
0076843,737-400,C:\Users\Emilija\Desktop\AircraftClassifier_CNN_SVM\data\raw\fgvc-aircraft-2013b\data\images\0076843.jpg
2221342,737-300,C:\Users\Emilija\Desktop\AircraftClassifier_CNN_SVM\data\raw\fgvc-aircraft-2013b\data\images\2221342.jpg
1237650,737-600,C:\Users\Emilija\Desktop\AircraftClassifier_CNN_SVM\data\raw\fgvc-aircraft-2013b\data\images\1237650.jpg
1758606,737-500,C:\Users\Emilija\Desktop\AircraftClassifier_CNN_SVM\data\raw\fgvc-aircraft-2013b\data\images\1758606.jpg
1173450,737-700,C:\Users\Emilija\Desktop\AircraftClassifier_CNN_SVM\data\raw\fgvc-aircraft-2013b\data\images\1173450.jpg
0523226,737-700,C:\Users\Emilija\Desktop\AircraftClassifier_CNN_SVM\data\raw\fgvc-aircraft-2013b\data\images\0523226.jpg
1258418,737-500,C:\Users\Emilija\Desktop\AircraftClassifier_CNN_SVM\data\raw\fgvc-aircraft-2013b\data\images\1258418.jpg
1401878,737-600,C:\Users\Emilija\Desktop\AircraftClassifier_CNN_SVM\data\raw\fgvc-aircraft-2013b\data\images\1401878.jpg
0147047,727-200,C:\Users\Emilija\Desktop\AircraftClassifier_CNN_SVM\data\raw\fgvc-aircraft-2013b\data\images\0147047.jpg
0747566,707-320,C:\Users\Emilija\Desktop\AircraftClassifier_CNN_SVM\data\raw\fgvc-aircraft-2013b\data\images\0747566.jpg
0907408,737-300,C:\Users\Emilija\Desktop\AircraftClassifier_CNN_SVM\data\raw\fgvc-aircraft-2013b\data\images\0907408.jpg
1405447,737-500,C:\Users\Emilija\Desktop\AircraftClassifier_CNN_SVM\data\raw\fgvc-aircraft-2013b\data\images\1405447.jpg
0875317,727-200,C:\Users\Emilija\Desktop\AircraftClassifier_CNN_SVM\data\raw\fgvc-aircraft-2013b\data\images\0875317.jpg
1358066,737-500,C:\Users\Emilija\Desktop\AircraftClassifier_CNN_SVM\data\raw\fgvc-aircraft-2013b\data\images\1358066.jpg
1514481,707-320,C:\Users\Emilija\Desktop\AircraftClassifier_CNN_SVM\data\raw\fgvc-aircraft-2013b\data\images\1514481.jpg
1602331,737-500,C:\Users\Emilija\Desktop\AircraftClassifier_CNN_SVM\data\raw\fgvc-aircraft-2013b\data\images\1602331.jpg
1933719,737-400,C:\Users\Emilija\Desktop\AircraftClassifier_CNN_SVM\data\raw\fgvc-aircraft-2013b\data\images\1933719.jpg
2207626,737-800,C:\Users\Emilija\Desktop\AircraftClassifier_CNN_SVM\data\raw\fgvc-aircraft-2013b\data\images\2207626.jpg
1548404,737-500,C:\Users\Emilija\Desktop\AircraftClassifier_CNN_SVM\data\raw\fgvc-aircraft-2013b\data\images\1548404.jpg
1361120,737-900,C:\Users\Emilija\Desktop\AircraftClassifier_CNN_SVM\data\raw\fgvc-aircraft-2013b\data\images\1361120.jpg
0061580,737-200,C:\Users\Emilija\Desktop\AircraftClassifier_CNN_SVM\data\raw\fgvc-aircraft-2013b\data\images\0061580.jpg
2236964,737-800,C:\Users\Emilija\Desktop\AircraftClassifier_CNN_SVM\data\raw\fgvc-aircraft-2013b\data\images\2236964.jpg
0847273,737-200,C:\Users\Emilija\Desktop\AircraftClassifier_CNN_SVM\data\raw\fgvc-aircraft-2013b\data\images\0847273.jpg
1222170,737-700,C:\Users\Emilija\Desktop\AircraftClassifier_CNN_SVM\data\raw\fgvc-aircraft-2013b\data\images\1222170.jpg
0907384,727-200,C:\Users\Emilija\Desktop\AircraftClassifier_CNN_SVM\data\raw\fgvc-aircraft-2013b\data\images\0907384.jpg
1352205,737-300,C:\Users\Emilija\Desktop\AircraftClassifier_CNN_SVM\data\raw\fgvc-aircraft-2013b\data\images\1352205.jpg
0956273,737-600,C:\Users\Emilija\Desktop\AircraftClassifier_CNN_SVM\data\raw\fgvc-aircraft-2013b\data\images\0956273.jpg
2002331,737-500,C:\Users\Emilija\Desktop\AircraftClassifier_CNN_SVM\data\raw\fgvc-aircraft-2013b\data\images\2002331.jpg
0514744,737-900,C:\Users\Emilija\Desktop\AircraftClassifier_CNN_SVM\data\raw\fgvc-aircraft-2013b\data\images\0514744.jpg
1106339,737-900,C:\Users\Emilija\Desktop\AircraftClassifier_CNN_SVM\data\raw\fgvc-aircraft-2013b\data\images\1106339.jpg
0569402,737-300,C:\Users\Emilija\Desktop\AircraftClassifier_CNN_SVM\data\raw\fgvc-aircraft-2013b\data\images\0569402.jpg
0113201,707-320,C:\Users\Emilija\Desktop\AircraftClassifier_CNN_SVM\data\raw\fgvc-aircraft-2013b\data\images\0113201.jpg
0034958,737-200,C:\Users\Emilija\Desktop\AircraftClassifier_CNN_SVM\data\raw\fgvc-aircraft-2013b\data\images\0034958.jpg
1548405,737-200,C:\Users\Emilija\Desktop\AircraftClassifier_CNN_SVM\data\raw\fgvc-aircraft-2013b\data\images\1548405.jpg
0869692,707-320,C:\Users\Emilija\Desktop\AircraftClassifier_CNN_SVM\data\raw\fgvc-aircraft-2013b\data\images\0869692.jpg
0702845,737-200,C:\Users\Emilija\Desktop\AircraftClassifier_CNN_SVM\data\raw\fgvc-aircraft-2013b\data\images\0702845.jpg
1810855,737-300,C:\Users\Emilija\Desktop\AircraftClassifier_CNN_SVM\data\raw\fgvc-aircraft-2013b\data\images\1810855.jpg
1876022,737-700,C:\Users\Emilija\Desktop\AircraftClassifier_CNN_SVM\data\raw\fgvc-aircraft-2013b\data\images\1876022.jpg
0321755,727-200,C:\Users\Emilija\Desktop\AircraftClassifier_CNN_SVM\data\raw\fgvc-aircraft-2013b\data\images\0321755.jpg
1691787,727-200,C:\Users\Emilija\Desktop\AircraftClassifier_CNN_SVM\data\raw\fgvc-aircraft-2013b\data\images\1691787.jpg
0275806,737-900,C:\Users\Emilija\Desktop\AircraftClassifier_CNN_SVM\data\raw\fgvc-aircraft-2013b\data\images\0275806.jpg
1514479,737-200,C:\Users\Emilija\Desktop\AircraftClassifier_CNN_SVM\data\raw\fgvc-aircraft-2013b\data\images\1514479.jpg
1862134,727-200,C:\Users\Emilija\Desktop\AircraftClassifier_CNN_SVM\data\raw\fgvc-aircraft-2013b\data\images\1862134.jpg
1818860,737-700,C:\Users\Emilija\Desktop\AircraftClassifier_CNN_SVM\data\raw\fgvc-aircraft-2013b\data\images\1818860.jpg
1400105,737-600,C:\Users\Emilija\Desktop\AircraftClassifier_CNN_SVM\data\raw\fgvc-aircraft-2013b\data\images\1400105.jpg
2122829,737-800,C:\Users\Emilija\Desktop\AircraftClassifier_CNN_SVM\data\raw\fgvc-aircraft-2013b\data\images\2122829.jpg
1146034,737-800,C:\Users\Emilija\Desktop\AircraftClassifier_CNN_SVM\data\raw\fgvc-aircraft-2013b\data\images\1146034.jpg
1169900,727-200,C:\Users\Emilija\Desktop\AircraftClassifier_CNN_SVM\data\raw\fgvc-aircraft-2013b\data\images\1169900.jpg
0302648,737-400,C:\Users\Emilija\Desktop\AircraftClassifier_CNN_SVM\data\raw\fgvc-aircraft-2013b\data\images\0302648.jpg
0064005,727-200,C:\Users\Emilija\Desktop\AircraftClassifier_CNN_SVM\data\raw\fgvc-aircraft-2013b\data\images\0064005.jpg
0292868,737-900,C:\Users\Emilija\Desktop\AircraftClassifier_CNN_SVM\data\raw\fgvc-aircraft-2013b\data\images\0292868.jpg
0247942,737-200,C:\Users\Emilija\Desktop\AircraftClassifier_CNN_SVM\data\raw\fgvc-aircraft-2013b\data\images\0247942.jpg
0959047,737-600,C:\Users\Emilija\Desktop\AircraftClassifier_CNN_SVM\data\raw\fgvc-aircraft-2013b\data\images\0959047.jpg
1560581,737-300,C:\Users\Emilija\Desktop\AircraftClassifier_CNN_SVM\data\raw\fgvc-aircraft-2013b\data\images\1560581.jpg
0610657,707-320,C:\Users\Emilija\Desktop\AircraftClassifier_CNN_SVM\data\raw\fgvc-aircraft-2013b\data\images\0610657.jpg
1913792,737-800,C:\Users\Emilija\Desktop\AircraftClassifier_CNN_SVM\data\raw\fgvc-aircraft-2013b\data\images\1913792.jpg
0761153,737-500,C:\Users\Emilija\Desktop\AircraftClassifier_CNN_SVM\data\raw\fgvc-aircraft-2013b\data\images\0761153.jpg
0091362,737-200,C:\Users\Emilija\Desktop\AircraftClassifier_CNN_SVM\data\raw\fgvc-aircraft-2013b\data\images\0091362.jpg
0944166,737-300,C:\Users\Emilija\Desktop\AircraftClassifier_CNN_SVM\data\raw\fgvc-aircraft-2013b\data\images\0944166.jpg
0109632,737-200,C:\Users\Emilija\Desktop\AircraftClassifier_CNN_SVM\data\raw\fgvc-aircraft-2013b\data\images\0109632.jpg
1036858,737-200,C:\Users\Emilija\Desktop\AircraftClassifier_CNN_SVM\data\raw\fgvc-aircraft-2013b\data\images\1036858.jpg
0074246,737-800,C:\Users\Emilija\Desktop\AircraftClassifier_CNN_SVM\data\raw\fgvc-aircraft-2013b\data\images\0074246.jpg
1561334,737-800,C:\Users\Emilija\Desktop\AircraftClassifier_CNN_SVM\data\raw\fgvc-aircraft-2013b\data\images\1561334.jpg
1639843,737-900,C:\Users\Emilija\Desktop\AircraftClassifier_CNN_SVM\data\raw\fgvc-aircraft-2013b\data\images\1639843.jpg
2218546,737-900,C:\Users\Emilija\Desktop\AircraftClassifier_CNN_SVM\data\raw\fgvc-aircraft-2013b\data\images\2218546.jpg
0059101,737-200,C:\Users\Emilija\Desktop\AircraftClassifier_CNN_SVM\data\raw\fgvc-aircraft-2013b\data\images\0059101.jpg
1229599,737-600,C:\Users\Emilija\Desktop\AircraftClassifier_CNN_SVM\data\raw\fgvc-aircraft-2013b\data\images\1229599.jpg
1376842,737-500,C:\Users\Emilija\Desktop\AircraftClassifier_CNN_SVM\data\raw\fgvc-aircraft-2013b\data\images\1376842.jpg
0984409,737-700,C:\Users\Emilija\Desktop\AircraftClassifier_CNN_SVM\data\raw\fgvc-aircraft-2013b\data\images\0984409.jpg
0694546,737-800,C:\Users\Emilija\Desktop\AircraftClassifier_CNN_SVM\data\raw\fgvc-aircraft-2013b\data\images\0694546.jpg
0218041,727-200,C:\Users\Emilija\Desktop\AircraftClassifier_CNN_SVM\data\raw\fgvc-aircraft-2013b\data\images\0218041.jpg
0699286,727-200,C:\Users\Emilija\Desktop\AircraftClassifier_CNN_SVM\data\raw\fgvc-aircraft-2013b\data\images\0699286.jpg
0869739,707-320,C:\Users\Emilija\Desktop\AircraftClassifier_CNN_SVM\data\raw\fgvc-aircraft-2013b\data\images\0869739.jpg
0853398,737-200,C:\Users\Emilija\Desktop\AircraftClassifier_CNN_SVM\data\raw\fgvc-aircraft-2013b\data\images\0853398.jpg
1143126,737-700,C:\Users\Emilija\Desktop\AircraftClassifier_CNN_SVM\data\raw\fgvc-aircraft-2013b\data\images\1143126.jpg
1668558,737-900,C:\Users\Emilija\Desktop\AircraftClassifier_CNN_SVM\data\raw\fgvc-aircraft-2013b\data\images\1668558.jpg
1453508,707-320,C:\Users\Emilija\Desktop\AircraftClassifier_CNN_SVM\data\raw\fgvc-aircraft-2013b\data\images\1453508.jpg
0048341,727-200,C:\Users\Emilija\Desktop\AircraftClassifier_CNN_SVM\data\raw\fgvc-aircraft-2013b\data\images\0048341.jpg
1709124,737-700,C:\Users\Emilija\Desktop\AircraftClassifier_CNN_SVM\data\raw\fgvc-aircraft-2013b\data\images\1709124.jpg
0225225,737-500,C:\Users\Emilija\Desktop\AircraftClassifier_CNN_SVM\data\raw\fgvc-aircraft-2013b\data\images\0225225.jpg
1427680,707-320,C:\Users\Emilija\Desktop\AircraftClassifier_CNN_SVM\data\raw\fgvc-aircraft-2013b\data\images\1427680.jpg
0669870,737-600,C:\Users\Emilija\Desktop\AircraftClassifier_CNN_SVM\data\raw\fgvc-aircraft-2013b\data\images\0669870.jpg
1691483,737-500,C:\Users\Emilija\Desktop\AircraftClassifier_CNN_SVM\data\raw\fgvc-aircraft-2013b\data\images\1691483.jpg
0476825,737-900,C:\Users\Emilija\Desktop\AircraftClassifier_CNN_SVM\data\raw\fgvc-aircraft-2013b\data\images\0476825.jpg
1506226,737-400,C:\Users\Emilija\Desktop\AircraftClassifier_CNN_SVM\data\raw\fgvc-aircraft-2013b\data\images\1506226.jpg
0143080,727-200,C:\Users\Emilija\Desktop\AircraftClassifier_CNN_SVM\data\raw\fgvc-aircraft-2013b\data\images\0143080.jpg
1336460,737-500,C:\Users\Emilija\Desktop\AircraftClassifier_CNN_SVM\data\raw\fgvc-aircraft-2013b\data\images\1336460.jpg
0097108,737-800,C:\Users\Emilija\Desktop\AircraftClassifier_CNN_SVM\data\raw\fgvc-aircraft-2013b\data\images\0097108.jpg
1063986,727-200,C:\Users\Emilija\Desktop\AircraftClassifier_CNN_SVM\data\raw\fgvc-aircraft-2013b\data\images\1063986.jpg
2031384,737-500,C:\Users\Emilija\Desktop\AircraftClassifier_CNN_SVM\data\raw\fgvc-aircraft-2013b\data\images\2031384.jpg
0923884,707-320,C:\Users\Emilija\Desktop\AircraftClassifier_CNN_SVM\data\raw\fgvc-aircraft-2013b\data\images\0923884.jpg
0492497,737-300,C:\Users\Emilija\Desktop\AircraftClassifier_CNN_SVM\data\raw\fgvc-aircraft-2013b\data\images\0492497.jpg
1950707,737-700,C:\Users\Emilija\Desktop\AircraftClassifier_CNN_SVM\data\raw\fgvc-aircraft-2013b\data\images\1950707.jpg
0731199,737-600,C:\Users\Emilija\Desktop\AircraftClassifier_CNN_SVM\data\raw\fgvc-aircraft-2013b\data\images\0731199.jpg
0225227,737-700,C:\Users\Emilija\Desktop\AircraftClassifier_CNN_SVM\data\raw\fgvc-aircraft-2013b\data\images\0225227.jpg
1615563,737-600,C:\Users\Emilija\Desktop\AircraftClassifier_CNN_SVM\data\raw\fgvc-aircraft-2013b\data\images\1615563.jpg
0602227,707-320,C:\Users\Emilija\Desktop\AircraftClassifier_CNN_SVM\data\raw\fgvc-aircraft-2013b\data\images\0602227.jpg
0075758,727-200,C:\Users\Emilija\Desktop\AircraftClassifier_CNN_SVM\data\raw\fgvc-aircraft-2013b\data\images\0075758.jpg
0781150,737-800,C:\Users\Emilija\Desktop\AircraftClassifier_CNN_SVM\data\raw\fgvc-aircraft-2013b\data\images\0781150.jpg
0956171,737-700,C:\Users\Emilija\Desktop\AircraftClassifier_CNN_SVM\data\raw\fgvc-aircraft-2013b\data\images\0956171.jpg
0198440,737-200,C:\Users\Emilija\Desktop\AircraftClassifier_CNN_SVM\data\raw\fgvc-aircraft-2013b\data\images\0198440.jpg
1327285,727-200,C:\Users\Emilija\Desktop\AircraftClassifier_CNN_SVM\data\raw\fgvc-aircraft-2013b\data\images\1327285.jpg
1377235,737-500,C:\Users\Emilija\Desktop\AircraftClassifier_CNN_SVM\data\raw\fgvc-aircraft-2013b\data\images\1377235.jpg
1396876,737-300,C:\Users\Emilija\Desktop\AircraftClassifier_CNN_SVM\data\raw\fgvc-aircraft-2013b\data\images\1396876.jpg
0422707,737-800,C:\Users\Emilija\Desktop\AircraftClassifier_CNN_SVM\data\raw\fgvc-aircraft-2013b\data\images\0422707.jpg
2169127,737-900,C:\Users\Emilija\Desktop\AircraftClassifier_CNN_SVM\data\raw\fgvc-aircraft-2013b\data\images\2169127.jpg
0894219,737-300,C:\Users\Emilija\Desktop\AircraftClassifier_CNN_SVM\data\raw\fgvc-aircraft-2013b\data\images\0894219.jpg
0259167,737-600,C:\Users\Emilija\Desktop\AircraftClassifier_CNN_SVM\data\raw\fgvc-aircraft-2013b\data\images\0259167.jpg
1052314,737-900,C:\Users\Emilija\Desktop\AircraftClassifier_CNN_SVM\data\raw\fgvc-aircraft-2013b\data\images\1052314.jpg
1320676,737-300,C:\Users\Emilija\Desktop\AircraftClassifier_CNN_SVM\data\raw\fgvc-aircraft-2013b\data\images\1320676.jpg
1068565,707-320,C:\Users\Emilija\Desktop\AircraftClassifier_CNN_SVM\data\raw\fgvc-aircraft-2013b\data\images\1068565.jpg
1189521,737-900,C:\Users\Emilija\Desktop\AircraftClassifier_CNN_SVM\data\raw\fgvc-aircraft-2013b\data\images\1189521.jpg
1476615,737-900,C:\Users\Emilija\Desktop\AircraftClassifier_CNN_SVM\data\raw\fgvc-aircraft-2013b\data\images\1476615.jpg
1340279,737-500,C:\Users\Emilija\Desktop\AircraftClassifier_CNN_SVM\data\raw\fgvc-aircraft-2013b\data\images\1340279.jpg
1216716,737-500,C:\Users\Emilija\Desktop\AircraftClassifier_CNN_SVM\data\raw\fgvc-aircraft-2013b\data\images\1216716.jpg
1885885,737-600,C:\Users\Emilija\Desktop\AircraftClassifier_CNN_SVM\data\raw\fgvc-aircraft-2013b\data\images\1885885.jpg
0876440,737-500,C:\Users\Emilija\Desktop\AircraftClassifier_CNN_SVM\data\raw\fgvc-aircraft-2013b\data\images\0876440.jpg
1884738,737-700,C:\Users\Emilija\Desktop\AircraftClassifier_CNN_SVM\data\raw\fgvc-aircraft-2013b\data\images\1884738.jpg
0447745,737-300,C:\Users\Emilija\Desktop\AircraftClassifier_CNN_SVM\data\raw\fgvc-aircraft-2013b\data\images\0447745.jpg
1244288,737-700,C:\Users\Emilija\Desktop\AircraftClassifier_CNN_SVM\data\raw\fgvc-aircraft-2013b\data\images\1244288.jpg
0187244,737-200,C:\Users\Emilija\Desktop\AircraftClassifier_CNN_SVM\data\raw\fgvc-aircraft-2013b\data\images\0187244.jpg
0894220,737-500,C:\Users\Emilija\Desktop\AircraftClassifier_CNN_SVM\data\raw\fgvc-aircraft-2013b\data\images\0894220.jpg
0127648,737-200,C:\Users\Emilija\Desktop\AircraftClassifier_CNN_SVM\data\raw\fgvc-aircraft-2013b\data\images\0127648.jpg
1118224,737-300,C:\Users\Emilija\Desktop\AircraftClassifier_CNN_SVM\data\raw\fgvc-aircraft-2013b\data\images\1118224.jpg
2219111,737-700,C:\Users\Emilija\Desktop\AircraftClassifier_CNN_SVM\data\raw\fgvc-aircraft-2013b\data\images\2219111.jpg
1846193,737-400,C:\Users\Emilija\Desktop\AircraftClassifier_CNN_SVM\data\raw\fgvc-aircraft-2013b\data\images\1846193.jpg
1730978,737-600,C:\Users\Emilija\Desktop\AircraftClassifier_CNN_SVM\data\raw\fgvc-aircraft-2013b\data\images\1730978.jpg
1526476,737-900,C:\Users\Emilija\Desktop\AircraftClassifier_CNN_SVM\data\raw\fgvc-aircraft-2013b\data\images\1526476.jpg
0944245,737-800,C:\Users\Emilija\Desktop\AircraftClassifier_CNN_SVM\data\raw\fgvc-aircraft-2013b\data\images\0944245.jpg
1561990,737-600,C:\Users\Emilija\Desktop\AircraftClassifier_CNN_SVM\data\raw\fgvc-aircraft-2013b\data\images\1561990.jpg
0727254,737-900,C:\Users\Emilija\Desktop\AircraftClassifier_CNN_SVM\data\raw\fgvc-aircraft-2013b\data\images\0727254.jpg
0100213,737-200,C:\Users\Emilija\Desktop\AircraftClassifier_CNN_SVM\data\raw\fgvc-aircraft-2013b\data\images\0100213.jpg
0074245,737-500,C:\Users\Emilija\Desktop\AircraftClassifier_CNN_SVM\data\raw\fgvc-aircraft-2013b\data\images\0074245.jpg
0037512,737-200,C:\Users\Emilija\Desktop\AircraftClassifier_CNN_SVM\data\raw\fgvc-aircraft-2013b\data\images\0037512.jpg
1338360,727-200,C:\Users\Emilija\Desktop\AircraftClassifier_CNN_SVM\data\raw\fgvc-aircraft-2013b\data\images\1338360.jpg
0875563,737-800,C:\Users\Emilija\Desktop\AircraftClassifier_CNN_SVM\data\raw\fgvc-aircraft-2013b\data\images\0875563.jpg
2250798,737-700,C:\Users\Emilija\Desktop\AircraftClassifier_CNN_SVM\data\raw\fgvc-aircraft-2013b\data\images\2250798.jpg
1423583,707-320,C:\Users\Emilija\Desktop\AircraftClassifier_CNN_SVM\data\raw\fgvc-aircraft-2013b\data\images\1423583.jpg
0698580,707-320,C:\Users\Emilija\Desktop\AircraftClassifier_CNN_SVM\data\raw\fgvc-aircraft-2013b\data\images\0698580.jpg
1036881,727-200,C:\Users\Emilija\Desktop\AircraftClassifier_CNN_SVM\data\raw\fgvc-aircraft-2013b\data\images\1036881.jpg
0564495,737-200,C:\Users\Emilija\Desktop\AircraftClassifier_CNN_SVM\data\raw\fgvc-aircraft-2013b\data\images\0564495.jpg
0545210,737-300,C:\Users\Emilija\Desktop\AircraftClassifier_CNN_SVM\data\raw\fgvc-aircraft-2013b\data\images\0545210.jpg
0704549,737-300,C:\Users\Emilija\Desktop\AircraftClassifier_CNN_SVM\data\raw\fgvc-aircraft-2013b\data\images\0704549.jpg
0460770,737-300,C:\Users\Emilija\Desktop\AircraftClassifier_CNN_SVM\data\raw\fgvc-aircraft-2013b\data\images\0460770.jpg
1266143,737-700,C:\Users\Emilija\Desktop\AircraftClassifier_CNN_SVM\data\raw\fgvc-aircraft-2013b\data\images\1266143.jpg
1398924,737-800,C:\Users\Emilija\Desktop\AircraftClassifier_CNN_SVM\data\raw\fgvc-aircraft-2013b\data\images\1398924.jpg
1713236,727-200,C:\Users\Emilija\Desktop\AircraftClassifier_CNN_SVM\data\raw\fgvc-aircraft-2013b\data\images\1713236.jpg
0198443,737-200,C:\Users\Emilija\Desktop\AircraftClassifier_CNN_SVM\data\raw\fgvc-aircraft-2013b\data\images\0198443.jpg
0649690,737-400,C:\Users\Emilija\Desktop\AircraftClassifier_CNN_SVM\data\raw\fgvc-aircraft-2013b\data\images\0649690.jpg
0523220,737-400,C:\Users\Emilija\Desktop\AircraftClassifier_CNN_SVM\data\raw\fgvc-aircraft-2013b\data\images\0523220.jpg
0780820,737-700,C:\Users\Emilija\Desktop\AircraftClassifier_CNN_SVM\data\raw\fgvc-aircraft-2013b\data\images\0780820.jpg
0894380,707-320,C:\Users\Emilija\Desktop\AircraftClassifier_CNN_SVM\data\raw\fgvc-aircraft-2013b\data\images\0894380.jpg
0448049,737-300,C:\Users\Emilija\Desktop\AircraftClassifier_CNN_SVM\data\raw\fgvc-aircraft-2013b\data\images\0448049.jpg
0936143,737-900,C:\Users\Emilija\Desktop\AircraftClassifier_CNN_SVM\data\raw\fgvc-aircraft-2013b\data\images\0936143.jpg
0848057,737-300,C:\Users\Emilija\Desktop\AircraftClassifier_CNN_SVM\data\raw\fgvc-aircraft-2013b\data\images\0848057.jpg
1727704,737-700,C:\Users\Emilija\Desktop\AircraftClassifier_CNN_SVM\data\raw\fgvc-aircraft-2013b\data\images\1727704.jpg
1042824,707-320,C:\Users\Emilija\Desktop\AircraftClassifier_CNN_SVM\data\raw\fgvc-aircraft-2013b\data\images\1042824.jpg
1117081,737-600,C:\Users\Emilija\Desktop\AircraftClassifier_CNN_SVM\data\raw\fgvc-aircraft-2013b\data\images\1117081.jpg
1736209,737-500,C:\Users\Emilija\Desktop\AircraftClassifier_CNN_SVM\data\raw\fgvc-aircraft-2013b\data\images\1736209.jpg
0907359,727-200,C:\Users\Emilija\Desktop\AircraftClassifier_CNN_SVM\data\raw\fgvc-aircraft-2013b\data\images\0907359.jpg
0548186,737-200,C:\Users\Emilija\Desktop\AircraftClassifier_CNN_SVM\data\raw\fgvc-aircraft-2013b\data\images\0548186.jpg
1935750,737-800,C:\Users\Emilija\Desktop\AircraftClassifier_CNN_SVM\data\raw\fgvc-aircraft-2013b\data\images\1935750.jpg
1418231,737-600,C:\Users\Emilija\Desktop\AircraftClassifier_CNN_SVM\data\raw\fgvc-aircraft-2013b\data\images\1418231.jpg
1879110,737-900,C:\Users\Emilija\Desktop\AircraftClassifier_CNN_SVM\data\raw\fgvc-aircraft-2013b\data\images\1879110.jpg
0536515,707-320,C:\Users\Emilija\Desktop\AircraftClassifier_CNN_SVM\data\raw\fgvc-aircraft-2013b\data\images\0536515.jpg
0701140,737-700,C:\Users\Emilija\Desktop\AircraftClassifier_CNN_SVM\data\raw\fgvc-aircraft-2013b\data\images\0701140.jpg
0973082,737-400,C:\Users\Emilija\Desktop\AircraftClassifier_CNN_SVM\data\raw\fgvc-aircraft-2013b\data\images\0973082.jpg
1456775,737-900,C:\Users\Emilija\Desktop\AircraftClassifier_CNN_SVM\data\raw\fgvc-aircraft-2013b\data\images\1456775.jpg
0796444,737-600,C:\Users\Emilija\Desktop\AircraftClassifier_CNN_SVM\data\raw\fgvc-aircraft-2013b\data\images\0796444.jpg
0063284,737-400,C:\Users\Emilija\Desktop\AircraftClassifier_CNN_SVM\data\raw\fgvc-aircraft-2013b\data\images\0063284.jpg
1019011,727-200,C:\Users\Emilija\Desktop\AircraftClassifier_CNN_SVM\data\raw\fgvc-aircraft-2013b\data\images\1019011.jpg
1251519,737-900,C:\Users\Emilija\Desktop\AircraftClassifier_CNN_SVM\data\raw\fgvc-aircraft-2013b\data\images\1251519.jpg
0928043,737-600,C:\Users\Emilija\Desktop\AircraftClassifier_CNN_SVM\data\raw\fgvc-aircraft-2013b\data\images\0928043.jpg
0400397,737-700,C:\Users\Emilija\Desktop\AircraftClassifier_CNN_SVM\data\raw\fgvc-aircraft-2013b\data\images\0400397.jpg
1918372,737-900,C:\Users\Emilija\Desktop\AircraftClassifier_CNN_SVM\data\raw\fgvc-aircraft-2013b\data\images\1918372.jpg
2248581,737-300,C:\Users\Emilija\Desktop\AircraftClassifier_CNN_SVM\data\raw\fgvc-aircraft-2013b\data\images\2248581.jpg
0907357,737-300,C:\Users\Emilija\Desktop\AircraftClassifier_CNN_SVM\data\raw\fgvc-aircraft-2013b\data\images\0907357.jpg
2080684,737-300,C:\Users\Emilija\Desktop\AircraftClassifier_CNN_SVM\data\raw\fgvc-aircraft-2013b\data\images\2080684.jpg
1942698,737-200,C:\Users\Emilija\Desktop\AircraftClassifier_CNN_SVM\data\raw\fgvc-aircraft-2013b\data\images\1942698.jpg
2007890,737-400,C:\Users\Emilija\Desktop\AircraftClassifier_CNN_SVM\data\raw\fgvc-aircraft-2013b\data\images\2007890.jpg
0062667,737-300,C:\Users\Emilija\Desktop\AircraftClassifier_CNN_SVM\data\raw\fgvc-aircraft-2013b\data\images\0062667.jpg
2021834,737-800,C:\Users\Emilija\Desktop\AircraftClassifier_CNN_SVM\data\raw\fgvc-aircraft-2013b\data\images\2021834.jpg
0979377,707-320,C:\Users\Emilija\Desktop\AircraftClassifier_CNN_SVM\data\raw\fgvc-aircraft-2013b\data\images\0979377.jpg
0939480,707-320,C:\Users\Emilija\Desktop\AircraftClassifier_CNN_SVM\data\raw\fgvc-aircraft-2013b\data\images\0939480.jpg
0900469,737-800,C:\Users\Emilija\Desktop\AircraftClassifier_CNN_SVM\data\raw\fgvc-aircraft-2013b\data\images\0900469.jpg
1548400,737-700,C:\Users\Emilija\Desktop\AircraftClassifier_CNN_SVM\data\raw\fgvc-aircraft-2013b\data\images\1548400.jpg
1351345,737-200,C:\Users\Emilija\Desktop\AircraftClassifier_CNN_SVM\data\raw\fgvc-aircraft-2013b\data\images\1351345.jpg
1423426,737-500,C:\Users\Emilija\Desktop\AircraftClassifier_CNN_SVM\data\raw\fgvc-aircraft-2013b\data\images\1423426.jpg
1909490,737-500,C:\Users\Emilija\Desktop\AircraftClassifier_CNN_SVM\data\raw\fgvc-aircraft-2013b\data\images\1909490.jpg
0072369,737-500,C:\Users\Emilija\Desktop\AircraftClassifier_CNN_SVM\data\raw\fgvc-aircraft-2013b\data\images\0072369.jpg
0979376,707-320,C:\Users\Emilija\Desktop\AircraftClassifier_CNN_SVM\data\raw\fgvc-aircraft-2013b\data\images\0979376.jpg
1876021,737-400,C:\Users\Emilija\Desktop\AircraftClassifier_CNN_SVM\data\raw\fgvc-aircraft-2013b\data\images\1876021.jpg
1718899,737-600,C:\Users\Emilija\Desktop\AircraftClassifier_CNN_SVM\data\raw\fgvc-aircraft-2013b\data\images\1718899.jpg
0257025,737-800,C:\Users\Emilija\Desktop\AircraftClassifier_CNN_SVM\data\raw\fgvc-aircraft-2013b\data\images\0257025.jpg
0846103,727-200,C:\Users\Emilija\Desktop\AircraftClassifier_CNN_SVM\data\raw\fgvc-aircraft-2013b\data\images\0846103.jpg
1227019,737-300,C:\Users\Emilija\Desktop\AircraftClassifier_CNN_SVM\data\raw\fgvc-aircraft-2013b\data\images\1227019.jpg
0063435,707-320,C:\Users\Emilija\Desktop\AircraftClassifier_CNN_SVM\data\raw\fgvc-aircraft-2013b\data\images\0063435.jpg
1062304,737-300,C:\Users\Emilija\Desktop\AircraftClassifier_CNN_SVM\data\raw\fgvc-aircraft-2013b\data\images\1062304.jpg
0987802,737-900,C:\Users\Emilija\Desktop\AircraftClassifier_CNN_SVM\data\raw\fgvc-aircraft-2013b\data\images\0987802.jpg
0097577,737-300,C:\Users\Emilija\Desktop\AircraftClassifier_CNN_SVM\data\raw\fgvc-aircraft-2013b\data\images\0097577.jpg
0641165,737-900,C:\Users\Emilija\Desktop\AircraftClassifier_CNN_SVM\data\raw\fgvc-aircraft-2013b\data\images\0641165.jpg
1142906,737-800,C:\Users\Emilija\Desktop\AircraftClassifier_CNN_SVM\data\raw\fgvc-aircraft-2013b\data\images\1142906.jpg
0687610,707-320,C:\Users\Emilija\Desktop\AircraftClassifier_CNN_SVM\data\raw\fgvc-aircraft-2013b\data\images\0687610.jpg
0745103,727-200,C:\Users\Emilija\Desktop\AircraftClassifier_CNN_SVM\data\raw\fgvc-aircraft-2013b\data\images\0745103.jpg
1110805,737-200,C:\Users\Emilija\Desktop\AircraftClassifier_CNN_SVM\data\raw\fgvc-aircraft-2013b\data\images\1110805.jpg
0069776,737-300,C:\Users\Emilija\Desktop\AircraftClassifier_CNN_SVM\data\raw\fgvc-aircraft-2013b\data\images\0069776.jpg
2184061,737-700,C:\Users\Emilija\Desktop\AircraftClassifier_CNN_SVM\data\raw\fgvc-aircraft-2013b\data\images\2184061.jpg
0337947,737-200,C:\Users\Emilija\Desktop\AircraftClassifier_CNN_SVM\data\raw\fgvc-aircraft-2013b\data\images\0337947.jpg
0800938,737-600,C:\Users\Emilija\Desktop\AircraftClassifier_CNN_SVM\data\raw\fgvc-aircraft-2013b\data\images\0800938.jpg
0197342,707-320,C:\Users\Emilija\Desktop\AircraftClassifier_CNN_SVM\data\raw\fgvc-aircraft-2013b\data\images\0197342.jpg
0482763,727-200,C:\Users\Emilija\Desktop\AircraftClassifier_CNN_SVM\data\raw\fgvc-aircraft-2013b\data\images\0482763.jpg
1187709,737-200,C:\Users\Emilija\Desktop\AircraftClassifier_CNN_SVM\data\raw\fgvc-aircraft-2013b\data\images\1187709.jpg
2071807,737-900,C:\Users\Emilija\Desktop\AircraftClassifier_CNN_SVM\data\raw\fgvc-aircraft-2013b\data\images\2071807.jpg
0458781,707-320,C:\Users\Emilija\Desktop\AircraftClassifier_CNN_SVM\data\raw\fgvc-aircraft-2013b\data\images\0458781.jpg
0907433,727-200,C:\Users\Emilija\Desktop\AircraftClassifier_CNN_SVM\data\raw\fgvc-aircraft-2013b\data\images\0907433.jpg
0065422,737-200,C:\Users\Emilija\Desktop\AircraftClassifier_CNN_SVM\data\raw\fgvc-aircraft-2013b\data\images\0065422.jpg
1514487,727-200,C:\Users\Emilija\Desktop\AircraftClassifier_CNN_SVM\data\raw\fgvc-aircraft-2013b\data\images\1514487.jpg
0923506,737-200,C:\Users\Emilija\Desktop\AircraftClassifier_CNN_SVM\data\raw\fgvc-aircraft-2013b\data\images\0923506.jpg
0944253,737-600,C:\Users\Emilija\Desktop\AircraftClassifier_CNN_SVM\data\raw\fgvc-aircraft-2013b\data\images\0944253.jpg
0066279,737-300,C:\Users\Emilija\Desktop\AircraftClassifier_CNN_SVM\data\raw\fgvc-aircraft-2013b\data\images\0066279.jpg
1768538,737-900,C:\Users\Emilija\Desktop\AircraftClassifier_CNN_SVM\data\raw\fgvc-aircraft-2013b\data\images\1768538.jpg
0716436,737-400,C:\Users\Emilija\Desktop\AircraftClassifier_CNN_SVM\data\raw\fgvc-aircraft-2013b\data\images\0716436.jpg
1043795,737-800,C:\Users\Emilija\Desktop\AircraftClassifier_CNN_SVM\data\raw\fgvc-aircraft-2013b\data\images\1043795.jpg
0361471,737-500,C:\Users\Emilija\Desktop\AircraftClassifier_CNN_SVM\data\raw\fgvc-aircraft-2013b\data\images\0361471.jpg
0428239,737-800,C:\Users\Emilija\Desktop\AircraftClassifier_CNN_SVM\data\raw\fgvc-aircraft-2013b\data\images\0428239.jpg
0890396,737-600,C:\Users\Emilija\Desktop\AircraftClassifier_CNN_SVM\data\raw\fgvc-aircraft-2013b\data\images\0890396.jpg
0786258,727-200,C:\Users\Emilija\Desktop\AircraftClassifier_CNN_SVM\data\raw\fgvc-aircraft-2013b\data\images\0786258.jpg
0201676,737-500,C:\Users\Emilija\Desktop\AircraftClassifier_CNN_SVM\data\raw\fgvc-aircraft-2013b\data\images\0201676.jpg
0143364,737-500,C:\Users\Emilija\Desktop\AircraftClassifier_CNN_SVM\data\raw\fgvc-aircraft-2013b\data\images\0143364.jpg
0356165,727-200,C:\Users\Emilija\Desktop\AircraftClassifier_CNN_SVM\data\raw\fgvc-aircraft-2013b\data\images\0356165.jpg
1197395,727-200,C:\Users\Emilija\Desktop\AircraftClassifier_CNN_SVM\data\raw\fgvc-aircraft-2013b\data\images\1197395.jpg
0745448,737-600,C:\Users\Emilija\Desktop\AircraftClassifier_CNN_SVM\data\raw\fgvc-aircraft-2013b\data\images\0745448.jpg
1549183,737-600,C:\Users\Emilija\Desktop\AircraftClassifier_CNN_SVM\data\raw\fgvc-aircraft-2013b\data\images\1549183.jpg
1726606,737-600,C:\Users\Emilija\Desktop\AircraftClassifier_CNN_SVM\data\raw\fgvc-aircraft-2013b\data\images\1726606.jpg
1569052,737-700,C:\Users\Emilija\Desktop\AircraftClassifier_CNN_SVM\data\raw\fgvc-aircraft-2013b\data\images\1569052.jpg
2188618,737-600,C:\Users\Emilija\Desktop\AircraftClassifier_CNN_SVM\data\raw\fgvc-aircraft-2013b\data\images\2188618.jpg
1429709,737-900,C:\Users\Emilija\Desktop\AircraftClassifier_CNN_SVM\data\raw\fgvc-aircraft-2013b\data\images\1429709.jpg
0257552,737-800,C:\Users\Emilija\Desktop\AircraftClassifier_CNN_SVM\data\raw\fgvc-aircraft-2013b\data\images\0257552.jpg
0894189,737-300,C:\Users\Emilija\Desktop\AircraftClassifier_CNN_SVM\data\raw\fgvc-aircraft-2013b\data\images\0894189.jpg
2046004,737-300,C:\Users\Emilija\Desktop\AircraftClassifier_CNN_SVM\data\raw\fgvc-aircraft-2013b\data\images\2046004.jpg
1518652,707-320,C:\Users\Emilija\Desktop\AircraftClassifier_CNN_SVM\data\raw\fgvc-aircraft-2013b\data\images\1518652.jpg
0817558,737-600,C:\Users\Emilija\Desktop\AircraftClassifier_CNN_SVM\data\raw\fgvc-aircraft-2013b\data\images\0817558.jpg
1363673,737-300,C:\Users\Emilija\Desktop\AircraftClassifier_CNN_SVM\data\raw\fgvc-aircraft-2013b\data\images\1363673.jpg
0122393,737-400,C:\Users\Emilija\Desktop\AircraftClassifier_CNN_SVM\data\raw\fgvc-aircraft-2013b\data\images\0122393.jpg
1691783,737-300,C:\Users\Emilija\Desktop\AircraftClassifier_CNN_SVM\data\raw\fgvc-aircraft-2013b\data\images\1691783.jpg
1361693,737-600,C:\Users\Emilija\Desktop\AircraftClassifier_CNN_SVM\data\raw\fgvc-aircraft-2013b\data\images\1361693.jpg
2195493,737-800,C:\Users\Emilija\Desktop\AircraftClassifier_CNN_SVM\data\raw\fgvc-aircraft-2013b\data\images\2195493.jpg
0864570,737-900,C:\Users\Emilija\Desktop\AircraftClassifier_CNN_SVM\data\raw\fgvc-aircraft-2013b\data\images\0864570.jpg
0443893,737-800,C:\Users\Emilija\Desktop\AircraftClassifier_CNN_SVM\data\raw\fgvc-aircraft-2013b\data\images\0443893.jpg
0979470,737-200,C:\Users\Emilija\Desktop\AircraftClassifier_CNN_SVM\data\raw\fgvc-aircraft-2013b\data\images\0979470.jpg
1251766,737-500,C:\Users\Emilija\Desktop\AircraftClassifier_CNN_SVM\data\raw\fgvc-aircraft-2013b\data\images\1251766.jpg
1093636,737-500,C:\Users\Emilija\Desktop\AircraftClassifier_CNN_SVM\data\raw\fgvc-aircraft-2013b\data\images\1093636.jpg
0116175,727-200,C:\Users\Emilija\Desktop\AircraftClassifier_CNN_SVM\data\raw\fgvc-aircraft-2013b\data\images\0116175.jpg
0225218,737-200,C:\Users\Emilija\Desktop\AircraftClassifier_CNN_SVM\data\raw\fgvc-aircraft-2013b\data\images\0225218.jpg
0357873,737-300,C:\Users\Emilija\Desktop\AircraftClassifier_CNN_SVM\data\raw\fgvc-aircraft-2013b\data\images\0357873.jpg
0851302,737-400,C:\Users\Emilija\Desktop\AircraftClassifier_CNN_SVM\data\raw\fgvc-aircraft-2013b\data\images\0851302.jpg
2223757,727-200,C:\Users\Emilija\Desktop\AircraftClassifier_CNN_SVM\data\raw\fgvc-aircraft-2013b\data\images\2223757.jpg
1543529,737-500,C:\Users\Emilija\Desktop\AircraftClassifier_CNN_SVM\data\raw\fgvc-aircraft-2013b\data\images\1543529.jpg
0522819,737-900,C:\Users\Emilija\Desktop\AircraftClassifier_CNN_SVM\data\raw\fgvc-aircraft-2013b\data\images\0522819.jpg
0335667,737-300,C:\Users\Emilija\Desktop\AircraftClassifier_CNN_SVM\data\raw\fgvc-aircraft-2013b\data\images\0335667.jpg
1774585,737-700,C:\Users\Emilija\Desktop\AircraftClassifier_CNN_SVM\data\raw\fgvc-aircraft-2013b\data\images\1774585.jpg
1016726,737-600,C:\Users\Emilija\Desktop\AircraftClassifier_CNN_SVM\data\raw\fgvc-aircraft-2013b\data\images\1016726.jpg
0894315,737-200,C:\Users\Emilija\Desktop\AircraftClassifier_CNN_SVM\data\raw\fgvc-aircraft-2013b\data\images\0894315.jpg
0953559,737-300,C:\Users\Emilija\Desktop\AircraftClassifier_CNN_SVM\data\raw\fgvc-aircraft-2013b\data\images\0953559.jpg
0250399,727-200,C:\Users\Emilija\Desktop\AircraftClassifier_CNN_SVM\data\raw\fgvc-aircraft-2013b\data\images\0250399.jpg
2147231,737-800,C:\Users\Emilija\Desktop\AircraftClassifier_CNN_SVM\data\raw\fgvc-aircraft-2013b\data\images\2147231.jpg
1398526,737-900,C:\Users\Emilija\Desktop\AircraftClassifier_CNN_SVM\data\raw\fgvc-aircraft-2013b\data\images\1398526.jpg
0907358,737-200,C:\Users\Emilija\Desktop\AircraftClassifier_CNN_SVM\data\raw\fgvc-aircraft-2013b\data\images\0907358.jpg
0522857,737-700,C:\Users\Emilija\Desktop\AircraftClassifier_CNN_SVM\data\raw\fgvc-aircraft-2013b\data\images\0522857.jpg
2094229,737-600,C:\Users\Emilija\Desktop\AircraftClassifier_CNN_SVM\data\raw\fgvc-aircraft-2013b\data\images\2094229.jpg
0062781,707-320,C:\Users\Emilija\Desktop\AircraftClassifier_CNN_SVM\data\raw\fgvc-aircraft-2013b\data\images\0062781.jpg
0064933,707-320,C:\Users\Emilija\Desktop\AircraftClassifier_CNN_SVM\data\raw\fgvc-aircraft-2013b\data\images\0064933.jpg
0875303,737-200,C:\Users\Emilija\Desktop\AircraftClassifier_CNN_SVM\data\raw\fgvc-aircraft-2013b\data\images\0875303.jpg
0972487,737-400,C:\Users\Emilija\Desktop\AircraftClassifier_CNN_SVM\data\raw\fgvc-aircraft-2013b\data\images\0972487.jpg
2120181,737-400,C:\Users\Emilija\Desktop\AircraftClassifier_CNN_SVM\data\raw\fgvc-aircraft-2013b\data\images\2120181.jpg
1650693,737-600,C:\Users\Emilija\Desktop\AircraftClassifier_CNN_SVM\data\raw\fgvc-aircraft-2013b\data\images\1650693.jpg
0826475,737-200,C:\Users\Emilija\Desktop\AircraftClassifier_CNN_SVM\data\raw\fgvc-aircraft-2013b\data\images\0826475.jpg
0760910,707-320,C:\Users\Emilija\Desktop\AircraftClassifier_CNN_SVM\data\raw\fgvc-aircraft-2013b\data\images\0760910.jpg
0391437,737-800,C:\Users\Emilija\Desktop\AircraftClassifier_CNN_SVM\data\raw\fgvc-aircraft-2013b\data\images\0391437.jpg
0746112,737-300,C:\Users\Emilija\Desktop\AircraftClassifier_CNN_SVM\data\raw\fgvc-aircraft-2013b\data\images\0746112.jpg
1318450,737-800,C:\Users\Emilija\Desktop\AircraftClassifier_CNN_SVM\data\raw\fgvc-aircraft-2013b\data\images\1318450.jpg
0114409,737-300,C:\Users\Emilija\Desktop\AircraftClassifier_CNN_SVM\data\raw\fgvc-aircraft-2013b\data\images\0114409.jpg
1908628,737-600,C:\Users\Emilija\Desktop\AircraftClassifier_CNN_SVM\data\raw\fgvc-aircraft-2013b\data\images\1908628.jpg
2031394,737-300,C:\Users\Emilija\Desktop\AircraftClassifier_CNN_SVM\data\raw\fgvc-aircraft-2013b\data\images\2031394.jpg
0428665,737-600,C:\Users\Emilija\Desktop\AircraftClassifier_CNN_SVM\data\raw\fgvc-aircraft-2013b\data\images\0428665.jpg
1235148,737-400,C:\Users\Emilija\Desktop\AircraftClassifier_CNN_SVM\data\raw\fgvc-aircraft-2013b\data\images\1235148.jpg
2123946,737-600,C:\Users\Emilija\Desktop\AircraftClassifier_CNN_SVM\data\raw\fgvc-aircraft-2013b\data\images\2123946.jpg
0447809,737-700,C:\Users\Emilija\Desktop\AircraftClassifier_CNN_SVM\data\raw\fgvc-aircraft-2013b\data\images\0447809.jpg
0694480,737-200,C:\Users\Emilija\Desktop\AircraftClassifier_CNN_SVM\data\raw\fgvc-aircraft-2013b\data\images\0694480.jpg
1147739,737-500,C:\Users\Emilija\Desktop\AircraftClassifier_CNN_SVM\data\raw\fgvc-aircraft-2013b\data\images\1147739.jpg
1102458,737-400,C:\Users\Emilija\Desktop\AircraftClassifier_CNN_SVM\data\raw\fgvc-aircraft-2013b\data\images\1102458.jpg
1946040,737-700,C:\Users\Emilija\Desktop\AircraftClassifier_CNN_SVM\data\raw\fgvc-aircraft-2013b\data\images\1946040.jpg
1498556,737-700,C:\Users\Emilija\Desktop\AircraftClassifier_CNN_SVM\data\raw\fgvc-aircraft-2013b\data\images\1498556.jpg
0706205,737-500,C:\Users\Emilija\Desktop\AircraftClassifier_CNN_SVM\data\raw\fgvc-aircraft-2013b\data\images\0706205.jpg
0977330,737-500,C:\Users\Emilija\Desktop\AircraftClassifier_CNN_SVM\data\raw\fgvc-aircraft-2013b\data\images\0977330.jpg
0994960,727-200,C:\Users\Emilija\Desktop\AircraftClassifier_CNN_SVM\data\raw\fgvc-aircraft-2013b\data\images\0994960.jpg
0218042,737-400,C:\Users\Emilija\Desktop\AircraftClassifier_CNN_SVM\data\raw\fgvc-aircraft-2013b\data\images\0218042.jpg
2127935,707-320,C:\Users\Emilija\Desktop\AircraftClassifier_CNN_SVM\data\raw\fgvc-aircraft-2013b\data\images\2127935.jpg
0944247,737-500,C:\Users\Emilija\Desktop\AircraftClassifier_CNN_SVM\data\raw\fgvc-aircraft-2013b\data\images\0944247.jpg
1296896,737-200,C:\Users\Emilija\Desktop\AircraftClassifier_CNN_SVM\data\raw\fgvc-aircraft-2013b\data\images\1296896.jpg
2101958,737-600,C:\Users\Emilija\Desktop\AircraftClassifier_CNN_SVM\data\raw\fgvc-aircraft-2013b\data\images\2101958.jpg
0056331,737-200,C:\Users\Emilija\Desktop\AircraftClassifier_CNN_SVM\data\raw\fgvc-aircraft-2013b\data\images\0056331.jpg
1268068,737-600,C:\Users\Emilija\Desktop\AircraftClassifier_CNN_SVM\data\raw\fgvc-aircraft-2013b\data\images\1268068.jpg
0438658,737-400,C:\Users\Emilija\Desktop\AircraftClassifier_CNN_SVM\data\raw\fgvc-aircraft-2013b\data\images\0438658.jpg
0447807,737-200,C:\Users\Emilija\Desktop\AircraftClassifier_CNN_SVM\data\raw\fgvc-aircraft-2013b\data\images\0447807.jpg
0981301,737-200,C:\Users\Emilija\Desktop\AircraftClassifier_CNN_SVM\data\raw\fgvc-aircraft-2013b\data\images\0981301.jpg
1532634,737-400,C:\Users\Emilija\Desktop\AircraftClassifier_CNN_SVM\data\raw\fgvc-aircraft-2013b\data\images\1532634.jpg
1503761,737-700,C:\Users\Emilija\Desktop\AircraftClassifier_CNN_SVM\data\raw\fgvc-aircraft-2013b\data\images\1503761.jpg
0494478,737-200,C:\Users\Emilija\Desktop\AircraftClassifier_CNN_SVM\data\raw\fgvc-aircraft-2013b\data\images\0494478.jpg
0675711,737-600,C:\Users\Emilija\Desktop\AircraftClassifier_CNN_SVM\data\raw\fgvc-aircraft-2013b\data\images\0675711.jpg
1831096,737-200,C:\Users\Emilija\Desktop\AircraftClassifier_CNN_SVM\data\raw\fgvc-aircraft-2013b\data\images\1831096.jpg
0336540,737-700,C:\Users\Emilija\Desktop\AircraftClassifier_CNN_SVM\data\raw\fgvc-aircraft-2013b\data\images\0336540.jpg
1454446,737-700,C:\Users\Emilija\Desktop\AircraftClassifier_CNN_SVM\data\raw\fgvc-aircraft-2013b\data\images\1454446.jpg
1564774,737-300,C:\Users\Emilija\Desktop\AircraftClassifier_CNN_SVM\data\raw\fgvc-aircraft-2013b\data\images\1564774.jpg
0857107,737-500,C:\Users\Emilija\Desktop\AircraftClassifier_CNN_SVM\data\raw\fgvc-aircraft-2013b\data\images\0857107.jpg
1739565,727-200,C:\Users\Emilija\Desktop\AircraftClassifier_CNN_SVM\data\raw\fgvc-aircraft-2013b\data\images\1739565.jpg
0869722,707-320,C:\Users\Emilija\Desktop\AircraftClassifier_CNN_SVM\data\raw\fgvc-aircraft-2013b\data\images\0869722.jpg
1237623,737-400,C:\Users\Emilija\Desktop\AircraftClassifier_CNN_SVM\data\raw\fgvc-aircraft-2013b\data\images\1237623.jpg
0130599,737-500,C:\Users\Emilija\Desktop\AircraftClassifier_CNN_SVM\data\raw\fgvc-aircraft-2013b\data\images\0130599.jpg
1283644,737-600,C:\Users\Emilija\Desktop\AircraftClassifier_CNN_SVM\data\raw\fgvc-aircraft-2013b\data\images\1283644.jpg
1428644,737-700,C:\Users\Emilija\Desktop\AircraftClassifier_CNN_SVM\data\raw\fgvc-aircraft-2013b\data\images\1428644.jpg
1874495,737-900,C:\Users\Emilija\Desktop\AircraftClassifier_CNN_SVM\data\raw\fgvc-aircraft-2013b\data\images\1874495.jpg
1163484,737-400,C:\Users\Emilija\Desktop\AircraftClassifier_CNN_SVM\data\raw\fgvc-aircraft-2013b\data\images\1163484.jpg
1252037,737-800,C:\Users\Emilija\Desktop\AircraftClassifier_CNN_SVM\data\raw\fgvc-aircraft-2013b\data\images\1252037.jpg
1236463,737-800,C:\Users\Emilija\Desktop\AircraftClassifier_CNN_SVM\data\raw\fgvc-aircraft-2013b\data\images\1236463.jpg
1921783,737-900,C:\Users\Emilija\Desktop\AircraftClassifier_CNN_SVM\data\raw\fgvc-aircraft-2013b\data\images\1921783.jpg
0178292,737-300,C:\Users\Emilija\Desktop\AircraftClassifier_CNN_SVM\data\raw\fgvc-aircraft-2013b\data\images\0178292.jpg
0450014,707-320,C:\Users\Emilija\Desktop\AircraftClassifier_CNN_SVM\data\raw\fgvc-aircraft-2013b\data\images\0450014.jpg
0788947,737-800,C:\Users\Emilija\Desktop\AircraftClassifier_CNN_SVM\data\raw\fgvc-aircraft-2013b\data\images\0788947.jpg
0522872,737-900,C:\Users\Emilija\Desktop\AircraftClassifier_CNN_SVM\data\raw\fgvc-aircraft-2013b\data\images\0522872.jpg
1398436,737-200,C:\Users\Emilija\Desktop\AircraftClassifier_CNN_SVM\data\raw\fgvc-aircraft-2013b\data\images\1398436.jpg
0061581,727-200,C:\Users\Emilija\Desktop\AircraftClassifier_CNN_SVM\data\raw\fgvc-aircraft-2013b\data\images\0061581.jpg
1908388,737-600,C:\Users\Emilija\Desktop\AircraftClassifier_CNN_SVM\data\raw\fgvc-aircraft-2013b\data\images\1908388.jpg
0815913,737-200,C:\Users\Emilija\Desktop\AircraftClassifier_CNN_SVM\data\raw\fgvc-aircraft-2013b\data\images\0815913.jpg
0274621,737-800,C:\Users\Emilija\Desktop\AircraftClassifier_CNN_SVM\data\raw\fgvc-aircraft-2013b\data\images\0274621.jpg
1245559,737-400,C:\Users\Emilija\Desktop\AircraftClassifier_CNN_SVM\data\raw\fgvc-aircraft-2013b\data\images\1245559.jpg
1687756,737-600,C:\Users\Emilija\Desktop\AircraftClassifier_CNN_SVM\data\raw\fgvc-aircraft-2013b\data\images\1687756.jpg
0209554,737-200,C:\Users\Emilija\Desktop\AircraftClassifier_CNN_SVM\data\raw\fgvc-aircraft-2013b\data\images\0209554.jpg
1313891,737-500,C:\Users\Emilija\Desktop\AircraftClassifier_CNN_SVM\data\raw\fgvc-aircraft-2013b\data\images\1313891.jpg
1861153,737-600,C:\Users\Emilija\Desktop\AircraftClassifier_CNN_SVM\data\raw\fgvc-aircraft-2013b\data\images\1861153.jpg
0457865,737-500,C:\Users\Emilija\Desktop\AircraftClassifier_CNN_SVM\data\raw\fgvc-aircraft-2013b\data\images\0457865.jpg
0482761,707-320,C:\Users\Emilija\Desktop\AircraftClassifier_CNN_SVM\data\raw\fgvc-aircraft-2013b\data\images\0482761.jpg
1087920,737-600,C:\Users\Emilija\Desktop\AircraftClassifier_CNN_SVM\data\raw\fgvc-aircraft-2013b\data\images\1087920.jpg
1948449,737-900,C:\Users\Emilija\Desktop\AircraftClassifier_CNN_SVM\data\raw\fgvc-aircraft-2013b\data\images\1948449.jpg
1036818,737-800,C:\Users\Emilija\Desktop\AircraftClassifier_CNN_SVM\data\raw\fgvc-aircraft-2013b\data\images\1036818.jpg
1163792,737-400,C:\Users\Emilija\Desktop\AircraftClassifier_CNN_SVM\data\raw\fgvc-aircraft-2013b\data\images\1163792.jpg
1860176,737-200,C:\Users\Emilija\Desktop\AircraftClassifier_CNN_SVM\data\raw\fgvc-aircraft-2013b\data\images\1860176.jpg
0382052,737-700,C:\Users\Emilija\Desktop\AircraftClassifier_CNN_SVM\data\raw\fgvc-aircraft-2013b\data\images\0382052.jpg
0907370,727-200,C:\Users\Emilija\Desktop\AircraftClassifier_CNN_SVM\data\raw\fgvc-aircraft-2013b\data\images\0907370.jpg
0905907,737-600,C:\Users\Emilija\Desktop\AircraftClassifier_CNN_SVM\data\raw\fgvc-aircraft-2013b\data\images\0905907.jpg
0522417,737-500,C:\Users\Emilija\Desktop\AircraftClassifier_CNN_SVM\data\raw\fgvc-aircraft-2013b\data\images\0522417.jpg
0713927,727-200,C:\Users\Emilija\Desktop\AircraftClassifier_CNN_SVM\data\raw\fgvc-aircraft-2013b\data\images\0713927.jpg
0702868,737-600,C:\Users\Emilija\Desktop\AircraftClassifier_CNN_SVM\data\raw\fgvc-aircraft-2013b\data\images\0702868.jpg
0732162,737-900,C:\Users\Emilija\Desktop\AircraftClassifier_CNN_SVM\data\raw\fgvc-aircraft-2013b\data\images\0732162.jpg
0604668,737-500,C:\Users\Emilija\Desktop\AircraftClassifier_CNN_SVM\data\raw\fgvc-aircraft-2013b\data\images\0604668.jpg
2067870,737-300,C:\Users\Emilija\Desktop\AircraftClassifier_CNN_SVM\data\raw\fgvc-aircraft-2013b\data\images\2067870.jpg
0574350,737-300,C:\Users\Emilija\Desktop\AircraftClassifier_CNN_SVM\data\raw\fgvc-aircraft-2013b\data\images\0574350.jpg
1966165,737-400,C:\Users\Emilija\Desktop\AircraftClassifier_CNN_SVM\data\raw\fgvc-aircraft-2013b\data\images\1966165.jpg
1143441,737-700,C:\Users\Emilija\Desktop\AircraftClassifier_CNN_SVM\data\raw\fgvc-aircraft-2013b\data\images\1143441.jpg
1199327,707-320,C:\Users\Emilija\Desktop\AircraftClassifier_CNN_SVM\data\raw\fgvc-aircraft-2013b\data\images\1199327.jpg
1002439,707-320,C:\Users\Emilija\Desktop\AircraftClassifier_CNN_SVM\data\raw\fgvc-aircraft-2013b\data\images\1002439.jpg
1362802,737-500,C:\Users\Emilija\Desktop\AircraftClassifier_CNN_SVM\data\raw\fgvc-aircraft-2013b\data\images\1362802.jpg
1818731,737-500,C:\Users\Emilija\Desktop\AircraftClassifier_CNN_SVM\data\raw\fgvc-aircraft-2013b\data\images\1818731.jpg
0420818,737-400,C:\Users\Emilija\Desktop\AircraftClassifier_CNN_SVM\data\raw\fgvc-aircraft-2013b\data\images\0420818.jpg
0457894,727-200,C:\Users\Emilija\Desktop\AircraftClassifier_CNN_SVM\data\raw\fgvc-aircraft-2013b\data\images\0457894.jpg
0275123,727-200,C:\Users\Emilija\Desktop\AircraftClassifier_CNN_SVM\data\raw\fgvc-aircraft-2013b\data\images\0275123.jpg
0995286,727-200,C:\Users\Emilija\Desktop\AircraftClassifier_CNN_SVM\data\raw\fgvc-aircraft-2013b\data\images\0995286.jpg
0933127,737-400,C:\Users\Emilija\Desktop\AircraftClassifier_CNN_SVM\data\raw\fgvc-aircraft-2013b\data\images\0933127.jpg
2066262,737-400,C:\Users\Emilija\Desktop\AircraftClassifier_CNN_SVM\data\raw\fgvc-aircraft-2013b\data\images\2066262.jpg
1852201,737-800,C:\Users\Emilija\Desktop\AircraftClassifier_CNN_SVM\data\raw\fgvc-aircraft-2013b\data\images\1852201.jpg
0213505,727-200,C:\Users\Emilija\Desktop\AircraftClassifier_CNN_SVM\data\raw\fgvc-aircraft-2013b\data\images\0213505.jpg
1261350,737-800,C:\Users\Emilija\Desktop\AircraftClassifier_CNN_SVM\data\raw\fgvc-aircraft-2013b\data\images\1261350.jpg
1444896,737-500,C:\Users\Emilija\Desktop\AircraftClassifier_CNN_SVM\data\raw\fgvc-aircraft-2013b\data\images\1444896.jpg
1212753,737-600,C:\Users\Emilija\Desktop\AircraftClassifier_CNN_SVM\data\raw\fgvc-aircraft-2013b\data\images\1212753.jpg
1339026,737-200,C:\Users\Emilija\Desktop\AircraftClassifier_CNN_SVM\data\raw\fgvc-aircraft-2013b\data\images\1339026.jpg
0075752,737-400,C:\Users\Emilija\Desktop\AircraftClassifier_CNN_SVM\data\raw\fgvc-aircraft-2013b\data\images\0075752.jpg
0904850,737-600,C:\Users\Emilija\Desktop\AircraftClassifier_CNN_SVM\data\raw\fgvc-aircraft-2013b\data\images\0904850.jpg
1662032,737-900,C:\Users\Emilija\Desktop\AircraftClassifier_CNN_SVM\data\raw\fgvc-aircraft-2013b\data\images\1662032.jpg
1358046,737-600,C:\Users\Emilija\Desktop\AircraftClassifier_CNN_SVM\data\raw\fgvc-aircraft-2013b\data\images\1358046.jpg
0074464,737-200,C:\Users\Emilija\Desktop\AircraftClassifier_CNN_SVM\data\raw\fgvc-aircraft-2013b\data\images\0074464.jpg
0147057,737-800,C:\Users\Emilija\Desktop\AircraftClassifier_CNN_SVM\data\raw\fgvc-aircraft-2013b\data\images\0147057.jpg
1337849,737-800,C:\Users\Emilija\Desktop\AircraftClassifier_CNN_SVM\data\raw\fgvc-aircraft-2013b\data\images\1337849.jpg
1918572,737-200,C:\Users\Emilija\Desktop\AircraftClassifier_CNN_SVM\data\raw\fgvc-aircraft-2013b\data\images\1918572.jpg
0395652,737-300,C:\Users\Emilija\Desktop\AircraftClassifier_CNN_SVM\data\raw\fgvc-aircraft-2013b\data\images\0395652.jpg
0114439,737-500,C:\Users\Emilija\Desktop\AircraftClassifier_CNN_SVM\data\raw\fgvc-aircraft-2013b\data\images\0114439.jpg
0221294,737-900,C:\Users\Emilija\Desktop\AircraftClassifier_CNN_SVM\data\raw\fgvc-aircraft-2013b\data\images\0221294.jpg
1758545,737-400,C:\Users\Emilija\Desktop\AircraftClassifier_CNN_SVM\data\raw\fgvc-aircraft-2013b\data\images\1758545.jpg
1119094,737-400,C:\Users\Emilija\Desktop\AircraftClassifier_CNN_SVM\data\raw\fgvc-aircraft-2013b\data\images\1119094.jpg
1718867,737-900,C:\Users\Emilija\Desktop\AircraftClassifier_CNN_SVM\data\raw\fgvc-aircraft-2013b\data\images\1718867.jpg
1931271,737-800,C:\Users\Emilija\Desktop\AircraftClassifier_CNN_SVM\data\raw\fgvc-aircraft-2013b\data\images\1931271.jpg
0458661,737-200,C:\Users\Emilija\Desktop\AircraftClassifier_CNN_SVM\data\raw\fgvc-aircraft-2013b\data\images\0458661.jpg
0994986,727-200,C:\Users\Emilija\Desktop\AircraftClassifier_CNN_SVM\data\raw\fgvc-aircraft-2013b\data\images\0994986.jpg
1082409,707-320,C:\Users\Emilija\Desktop\AircraftClassifier_CNN_SVM\data\raw\fgvc-aircraft-2013b\data\images\1082409.jpg
0097119,737-500,C:\Users\Emilija\Desktop\AircraftClassifier_CNN_SVM\data\raw\fgvc-aircraft-2013b\data\images\0097119.jpg
1334567,737-400,C:\Users\Emilija\Desktop\AircraftClassifier_CNN_SVM\data\raw\fgvc-aircraft-2013b\data\images\1334567.jpg
1535044,737-800,C:\Users\Emilija\Desktop\AircraftClassifier_CNN_SVM\data\raw\fgvc-aircraft-2013b\data\images\1535044.jpg
0717480,707-320,C:\Users\Emilija\Desktop\AircraftClassifier_CNN_SVM\data\raw\fgvc-aircraft-2013b\data\images\0717480.jpg
0497532,737-200,C:\Users\Emilija\Desktop\AircraftClassifier_CNN_SVM\data\raw\fgvc-aircraft-2013b\data\images\0497532.jpg
0447936,707-320,C:\Users\Emilija\Desktop\AircraftClassifier_CNN_SVM\data\raw\fgvc-aircraft-2013b\data\images\0447936.jpg
0853774,737-400,C:\Users\Emilija\Desktop\AircraftClassifier_CNN_SVM\data\raw\fgvc-aircraft-2013b\data\images\0853774.jpg
0682201,737-400,C:\Users\Emilija\Desktop\AircraftClassifier_CNN_SVM\data\raw\fgvc-aircraft-2013b\data\images\0682201.jpg
1353293,737-900,C:\Users\Emilija\Desktop\AircraftClassifier_CNN_SVM\data\raw\fgvc-aircraft-2013b\data\images\1353293.jpg
0447883,737-400,C:\Users\Emilija\Desktop\AircraftClassifier_CNN_SVM\data\raw\fgvc-aircraft-2013b\data\images\0447883.jpg
1470793,737-800,C:\Users\Emilija\Desktop\AircraftClassifier_CNN_SVM\data\raw\fgvc-aircraft-2013b\data\images\1470793.jpg
2215834,737-900,C:\Users\Emilija\Desktop\AircraftClassifier_CNN_SVM\data\raw\fgvc-aircraft-2013b\data\images\2215834.jpg
1115308,727-200,C:\Users\Emilija\Desktop\AircraftClassifier_CNN_SVM\data\raw\fgvc-aircraft-2013b\data\images\1115308.jpg
1355815,737-800,C:\Users\Emilija\Desktop\AircraftClassifier_CNN_SVM\data\raw\fgvc-aircraft-2013b\data\images\1355815.jpg
2203483,737-700,C:\Users\Emilija\Desktop\AircraftClassifier_CNN_SVM\data\raw\fgvc-aircraft-2013b\data\images\2203483.jpg
1446378,727-200,C:\Users\Emilija\Desktop\AircraftClassifier_CNN_SVM\data\raw\fgvc-aircraft-2013b\data\images\1446378.jpg
2239287,737-800,C:\Users\Emilija\Desktop\AircraftClassifier_CNN_SVM\data\raw\fgvc-aircraft-2013b\data\images\2239287.jpg
0562105,737-400,C:\Users\Emilija\Desktop\AircraftClassifier_CNN_SVM\data\raw\fgvc-aircraft-2013b\data\images\0562105.jpg
1393630,737-400,C:\Users\Emilija\Desktop\AircraftClassifier_CNN_SVM\data\raw\fgvc-aircraft-2013b\data\images\1393630.jpg
1514522,707-320,C:\Users\Emilija\Desktop\AircraftClassifier_CNN_SVM\data\raw\fgvc-aircraft-2013b\data\images\1514522.jpg
0308863,737-700,C:\Users\Emilija\Desktop\AircraftClassifier_CNN_SVM\data\raw\fgvc-aircraft-2013b\data\images\0308863.jpg
1806234,737-800,C:\Users\Emilija\Desktop\AircraftClassifier_CNN_SVM\data\raw\fgvc-aircraft-2013b\data\images\1806234.jpg
2223909,737-700,C:\Users\Emilija\Desktop\AircraftClassifier_CNN_SVM\data\raw\fgvc-aircraft-2013b\data\images\2223909.jpg
0288164,737-700,C:\Users\Emilija\Desktop\AircraftClassifier_CNN_SVM\data\raw\fgvc-aircraft-2013b\data\images\0288164.jpg
1339052,737-900,C:\Users\Emilija\Desktop\AircraftClassifier_CNN_SVM\data\raw\fgvc-aircraft-2013b\data\images\1339052.jpg
1419049,737-900,C:\Users\Emilija\Desktop\AircraftClassifier_CNN_SVM\data\raw\fgvc-aircraft-2013b\data\images\1419049.jpg
0851647,737-200,C:\Users\Emilija\Desktop\AircraftClassifier_CNN_SVM\data\raw\fgvc-aircraft-2013b\data\images\0851647.jpg
0977350,737-800,C:\Users\Emilija\Desktop\AircraftClassifier_CNN_SVM\data\raw\fgvc-aircraft-2013b\data\images\0977350.jpg
0209211,737-700,C:\Users\Emilija\Desktop\AircraftClassifier_CNN_SVM\data\raw\fgvc-aircraft-2013b\data\images\0209211.jpg
0622056,737-700,C:\Users\Emilija\Desktop\AircraftClassifier_CNN_SVM\data\raw\fgvc-aircraft-2013b\data\images\0622056.jpg
0147048,737-200,C:\Users\Emilija\Desktop\AircraftClassifier_CNN_SVM\data\raw\fgvc-aircraft-2013b\data\images\0147048.jpg
1146236,737-300,C:\Users\Emilija\Desktop\AircraftClassifier_CNN_SVM\data\raw\fgvc-aircraft-2013b\data\images\1146236.jpg
1718621,737-700,C:\Users\Emilija\Desktop\AircraftClassifier_CNN_SVM\data\raw\fgvc-aircraft-2013b\data\images\1718621.jpg
1372809,737-500,C:\Users\Emilija\Desktop\AircraftClassifier_CNN_SVM\data\raw\fgvc-aircraft-2013b\data\images\1372809.jpg
0907405,727-200,C:\Users\Emilija\Desktop\AircraftClassifier_CNN_SVM\data\raw\fgvc-aircraft-2013b\data\images\0907405.jpg
1663377,737-800,C:\Users\Emilija\Desktop\AircraftClassifier_CNN_SVM\data\raw\fgvc-aircraft-2013b\data\images\1663377.jpg
2248578,737-200,C:\Users\Emilija\Desktop\AircraftClassifier_CNN_SVM\data\raw\fgvc-aircraft-2013b\data\images\2248578.jpg
1053446,737-500,C:\Users\Emilija\Desktop\AircraftClassifier_CNN_SVM\data\raw\fgvc-aircraft-2013b\data\images\1053446.jpg
0223783,737-900,C:\Users\Emilija\Desktop\AircraftClassifier_CNN_SVM\data\raw\fgvc-aircraft-2013b\data\images\0223783.jpg
0730798,737-600,C:\Users\Emilija\Desktop\AircraftClassifier_CNN_SVM\data\raw\fgvc-aircraft-2013b\data\images\0730798.jpg
0723572,737-900,C:\Users\Emilija\Desktop\AircraftClassifier_CNN_SVM\data\raw\fgvc-aircraft-2013b\data\images\0723572.jpg
0383399,737-900,C:\Users\Emilija\Desktop\AircraftClassifier_CNN_SVM\data\raw\fgvc-aircraft-2013b\data\images\0383399.jpg
1358662,737-700,C:\Users\Emilija\Desktop\AircraftClassifier_CNN_SVM\data\raw\fgvc-aircraft-2013b\data\images\1358662.jpg
1429846,737-600,C:\Users\Emilija\Desktop\AircraftClassifier_CNN_SVM\data\raw\fgvc-aircraft-2013b\data\images\1429846.jpg
0480706,737-200,C:\Users\Emilija\Desktop\AircraftClassifier_CNN_SVM\data\raw\fgvc-aircraft-2013b\data\images\0480706.jpg
0143341,737-500,C:\Users\Emilija\Desktop\AircraftClassifier_CNN_SVM\data\raw\fgvc-aircraft-2013b\data\images\0143341.jpg
1296939,737-200,C:\Users\Emilija\Desktop\AircraftClassifier_CNN_SVM\data\raw\fgvc-aircraft-2013b\data\images\1296939.jpg
0437933,737-900,C:\Users\Emilija\Desktop\AircraftClassifier_CNN_SVM\data\raw\fgvc-aircraft-2013b\data\images\0437933.jpg
0699599,727-200,C:\Users\Emilija\Desktop\AircraftClassifier_CNN_SVM\data\raw\fgvc-aircraft-2013b\data\images\0699599.jpg
0305545,737-900,C:\Users\Emilija\Desktop\AircraftClassifier_CNN_SVM\data\raw\fgvc-aircraft-2013b\data\images\0305545.jpg
1146021,737-800,C:\Users\Emilija\Desktop\AircraftClassifier_CNN_SVM\data\raw\fgvc-aircraft-2013b\data\images\1146021.jpg
2145082,737-900,C:\Users\Emilija\Desktop\AircraftClassifier_CNN_SVM\data\raw\fgvc-aircraft-2013b\data\images\2145082.jpg
0592977,737-200,C:\Users\Emilija\Desktop\AircraftClassifier_CNN_SVM\data\raw\fgvc-aircraft-2013b\data\images\0592977.jpg
0537688,707-320,C:\Users\Emilija\Desktop\AircraftClassifier_CNN_SVM\data\raw\fgvc-aircraft-2013b\data\images\0537688.jpg
2128746,737-600,C:\Users\Emilija\Desktop\AircraftClassifier_CNN_SVM\data\raw\fgvc-aircraft-2013b\data\images\2128746.jpg
1326767,737-900,C:\Users\Emilija\Desktop\AircraftClassifier_CNN_SVM\data\raw\fgvc-aircraft-2013b\data\images\1326767.jpg
1398863,737-400,C:\Users\Emilija\Desktop\AircraftClassifier_CNN_SVM\data\raw\fgvc-aircraft-2013b\data\images\1398863.jpg
0188557,737-800,C:\Users\Emilija\Desktop\AircraftClassifier_CNN_SVM\data\raw\fgvc-aircraft-2013b\data\images\0188557.jpg
0912693,737-500,C:\Users\Emilija\Desktop\AircraftClassifier_CNN_SVM\data\raw\fgvc-aircraft-2013b\data\images\0912693.jpg
0907364,727-200,C:\Users\Emilija\Desktop\AircraftClassifier_CNN_SVM\data\raw\fgvc-aircraft-2013b\data\images\0907364.jpg
1346004,707-320,C:\Users\Emilija\Desktop\AircraftClassifier_CNN_SVM\data\raw\fgvc-aircraft-2013b\data\images\1346004.jpg
0689276,727-200,C:\Users\Emilija\Desktop\AircraftClassifier_CNN_SVM\data\raw\fgvc-aircraft-2013b\data\images\0689276.jpg
1899099,737-800,C:\Users\Emilija\Desktop\AircraftClassifier_CNN_SVM\data\raw\fgvc-aircraft-2013b\data\images\1899099.jpg
2191957,737-900,C:\Users\Emilija\Desktop\AircraftClassifier_CNN_SVM\data\raw\fgvc-aircraft-2013b\data\images\2191957.jpg
1267074,737-500,C:\Users\Emilija\Desktop\AircraftClassifier_CNN_SVM\data\raw\fgvc-aircraft-2013b\data\images\1267074.jpg
0198101,707-320,C:\Users\Emilija\Desktop\AircraftClassifier_CNN_SVM\data\raw\fgvc-aircraft-2013b\data\images\0198101.jpg
0227058,737-200,C:\Users\Emilija\Desktop\AircraftClassifier_CNN_SVM\data\raw\fgvc-aircraft-2013b\data\images\0227058.jpg
1606542,737-400,C:\Users\Emilija\Desktop\AircraftClassifier_CNN_SVM\data\raw\fgvc-aircraft-2013b\data\images\1606542.jpg
1018935,737-300,C:\Users\Emilija\Desktop\AircraftClassifier_CNN_SVM\data\raw\fgvc-aircraft-2013b\data\images\1018935.jpg
0706175,737-800,C:\Users\Emilija\Desktop\AircraftClassifier_CNN_SVM\data\raw\fgvc-aircraft-2013b\data\images\0706175.jpg
1115400,737-400,C:\Users\Emilija\Desktop\AircraftClassifier_CNN_SVM\data\raw\fgvc-aircraft-2013b\data\images\1115400.jpg
2229397,737-800,C:\Users\Emilija\Desktop\AircraftClassifier_CNN_SVM\data\raw\fgvc-aircraft-2013b\data\images\2229397.jpg
0829999,737-400,C:\Users\Emilija\Desktop\AircraftClassifier_CNN_SVM\data\raw\fgvc-aircraft-2013b\data\images\0829999.jpg
1139751,737-700,C:\Users\Emilija\Desktop\AircraftClassifier_CNN_SVM\data\raw\fgvc-aircraft-2013b\data\images\1139751.jpg
0673596,737-700,C:\Users\Emilija\Desktop\AircraftClassifier_CNN_SVM\data\raw\fgvc-aircraft-2013b\data\images\0673596.jpg
1545691,737-800,C:\Users\Emilija\Desktop\AircraftClassifier_CNN_SVM\data\raw\fgvc-aircraft-2013b\data\images\1545691.jpg
0973091,737-600,C:\Users\Emilija\Desktop\AircraftClassifier_CNN_SVM\data\raw\fgvc-aircraft-2013b\data\images\0973091.jpg
1481159,737-500,C:\Users\Emilija\Desktop\AircraftClassifier_CNN_SVM\data\raw\fgvc-aircraft-2013b\data\images\1481159.jpg
1879889,737-400,C:\Users\Emilija\Desktop\AircraftClassifier_CNN_SVM\data\raw\fgvc-aircraft-2013b\data\images\1879889.jpg
1196360,737-300,C:\Users\Emilija\Desktop\AircraftClassifier_CNN_SVM\data\raw\fgvc-aircraft-2013b\data\images\1196360.jpg
0988944,737-400,C:\Users\Emilija\Desktop\AircraftClassifier_CNN_SVM\data\raw\fgvc-aircraft-2013b\data\images\0988944.jpg
0901504,727-200,C:\Users\Emilija\Desktop\AircraftClassifier_CNN_SVM\data\raw\fgvc-aircraft-2013b\data\images\0901504.jpg
2230107,737-500,C:\Users\Emilija\Desktop\AircraftClassifier_CNN_SVM\data\raw\fgvc-aircraft-2013b\data\images\2230107.jpg
1390305,737-800,C:\Users\Emilija\Desktop\AircraftClassifier_CNN_SVM\data\raw\fgvc-aircraft-2013b\data\images\1390305.jpg
0237107,737-400,C:\Users\Emilija\Desktop\AircraftClassifier_CNN_SVM\data\raw\fgvc-aircraft-2013b\data\images\0237107.jpg
0740907,737-400,C:\Users\Emilija\Desktop\AircraftClassifier_CNN_SVM\data\raw\fgvc-aircraft-2013b\data\images\0740907.jpg
1559372,737-400,C:\Users\Emilija\Desktop\AircraftClassifier_CNN_SVM\data\raw\fgvc-aircraft-2013b\data\images\1559372.jpg
0127047,737-200,C:\Users\Emilija\Desktop\AircraftClassifier_CNN_SVM\data\raw\fgvc-aircraft-2013b\data\images\0127047.jpg
1042021,707-320,C:\Users\Emilija\Desktop\AircraftClassifier_CNN_SVM\data\raw\fgvc-aircraft-2013b\data\images\1042021.jpg
0067619,737-200,C:\Users\Emilija\Desktop\AircraftClassifier_CNN_SVM\data\raw\fgvc-aircraft-2013b\data\images\0067619.jpg
0882609,737-300,C:\Users\Emilija\Desktop\AircraftClassifier_CNN_SVM\data\raw\fgvc-aircraft-2013b\data\images\0882609.jpg
0582363,707-320,C:\Users\Emilija\Desktop\AircraftClassifier_CNN_SVM\data\raw\fgvc-aircraft-2013b\data\images\0582363.jpg
0218033,737-300,C:\Users\Emilija\Desktop\AircraftClassifier_CNN_SVM\data\raw\fgvc-aircraft-2013b\data\images\0218033.jpg
1510253,737-700,C:\Users\Emilija\Desktop\AircraftClassifier_CNN_SVM\data\raw\fgvc-aircraft-2013b\data\images\1510253.jpg
1089989,727-200,C:\Users\Emilija\Desktop\AircraftClassifier_CNN_SVM\data\raw\fgvc-aircraft-2013b\data\images\1089989.jpg
0357855,737-700,C:\Users\Emilija\Desktop\AircraftClassifier_CNN_SVM\data\raw\fgvc-aircraft-2013b\data\images\0357855.jpg
2002223,737-900,C:\Users\Emilija\Desktop\AircraftClassifier_CNN_SVM\data\raw\fgvc-aircraft-2013b\data\images\2002223.jpg
0724783,727-200,C:\Users\Emilija\Desktop\AircraftClassifier_CNN_SVM\data\raw\fgvc-aircraft-2013b\data\images\0724783.jpg
1191359,707-320,C:\Users\Emilija\Desktop\AircraftClassifier_CNN_SVM\data\raw\fgvc-aircraft-2013b\data\images\1191359.jpg
0097112,737-700,C:\Users\Emilija\Desktop\AircraftClassifier_CNN_SVM\data\raw\fgvc-aircraft-2013b\data\images\0097112.jpg
0704269,727-200,C:\Users\Emilija\Desktop\AircraftClassifier_CNN_SVM\data\raw\fgvc-aircraft-2013b\data\images\0704269.jpg
0771164,727-200,C:\Users\Emilija\Desktop\AircraftClassifier_CNN_SVM\data\raw\fgvc-aircraft-2013b\data\images\0771164.jpg
0681537,737-700,C:\Users\Emilija\Desktop\AircraftClassifier_CNN_SVM\data\raw\fgvc-aircraft-2013b\data\images\0681537.jpg
1115297,737-300,C:\Users\Emilija\Desktop\AircraftClassifier_CNN_SVM\data\raw\fgvc-aircraft-2013b\data\images\1115297.jpg
0973167,737-800,C:\Users\Emilija\Desktop\AircraftClassifier_CNN_SVM\data\raw\fgvc-aircraft-2013b\data\images\0973167.jpg
1337392,737-500,C:\Users\Emilija\Desktop\AircraftClassifier_CNN_SVM\data\raw\fgvc-aircraft-2013b\data\images\1337392.jpg
0066410,737-400,C:\Users\Emilija\Desktop\AircraftClassifier_CNN_SVM\data\raw\fgvc-aircraft-2013b\data\images\0066410.jpg
1503757,737-400,C:\Users\Emilija\Desktop\AircraftClassifier_CNN_SVM\data\raw\fgvc-aircraft-2013b\data\images\1503757.jpg
0698787,737-200,C:\Users\Emilija\Desktop\AircraftClassifier_CNN_SVM\data\raw\fgvc-aircraft-2013b\data\images\0698787.jpg
1648294,737-600,C:\Users\Emilija\Desktop\AircraftClassifier_CNN_SVM\data\raw\fgvc-aircraft-2013b\data\images\1648294.jpg
1018862,737-900,C:\Users\Emilija\Desktop\AircraftClassifier_CNN_SVM\data\raw\fgvc-aircraft-2013b\data\images\1018862.jpg
1543563,737-500,C:\Users\Emilija\Desktop\AircraftClassifier_CNN_SVM\data\raw\fgvc-aircraft-2013b\data\images\1543563.jpg
0713752,737-200,C:\Users\Emilija\Desktop\AircraftClassifier_CNN_SVM\data\raw\fgvc-aircraft-2013b\data\images\0713752.jpg
1845995,737-600,C:\Users\Emilija\Desktop\AircraftClassifier_CNN_SVM\data\raw\fgvc-aircraft-2013b\data\images\1845995.jpg
1573352,737-800,C:\Users\Emilija\Desktop\AircraftClassifier_CNN_SVM\data\raw\fgvc-aircraft-2013b\data\images\1573352.jpg
0229722,737-700,C:\Users\Emilija\Desktop\AircraftClassifier_CNN_SVM\data\raw\fgvc-aircraft-2013b\data\images\0229722.jpg
2002333,737-800,C:\Users\Emilija\Desktop\AircraftClassifier_CNN_SVM\data\raw\fgvc-aircraft-2013b\data\images\2002333.jpg
0901521,727-200,C:\Users\Emilija\Desktop\AircraftClassifier_CNN_SVM\data\raw\fgvc-aircraft-2013b\data\images\0901521.jpg
1338874,707-320,C:\Users\Emilija\Desktop\AircraftClassifier_CNN_SVM\data\raw\fgvc-aircraft-2013b\data\images\1338874.jpg
0732456,727-200,C:\Users\Emilija\Desktop\AircraftClassifier_CNN_SVM\data\raw\fgvc-aircraft-2013b\data\images\0732456.jpg
1280176,737-600,C:\Users\Emilija\Desktop\AircraftClassifier_CNN_SVM\data\raw\fgvc-aircraft-2013b\data\images\1280176.jpg
0558343,737-400,C:\Users\Emilija\Desktop\AircraftClassifier_CNN_SVM\data\raw\fgvc-aircraft-2013b\data\images\0558343.jpg
0481847,707-320,C:\Users\Emilija\Desktop\AircraftClassifier_CNN_SVM\data\raw\fgvc-aircraft-2013b\data\images\0481847.jpg
2126017,737-300,C:\Users\Emilija\Desktop\AircraftClassifier_CNN_SVM\data\raw\fgvc-aircraft-2013b\data\images\2126017.jpg
1603205,737-700,C:\Users\Emilija\Desktop\AircraftClassifier_CNN_SVM\data\raw\fgvc-aircraft-2013b\data\images\1603205.jpg
0728390,737-300,C:\Users\Emilija\Desktop\AircraftClassifier_CNN_SVM\data\raw\fgvc-aircraft-2013b\data\images\0728390.jpg
0864665,707-320,C:\Users\Emilija\Desktop\AircraftClassifier_CNN_SVM\data\raw\fgvc-aircraft-2013b\data\images\0864665.jpg
0618966,737-700,C:\Users\Emilija\Desktop\AircraftClassifier_CNN_SVM\data\raw\fgvc-aircraft-2013b\data\images\0618966.jpg
1955376,737-300,C:\Users\Emilija\Desktop\AircraftClassifier_CNN_SVM\data\raw\fgvc-aircraft-2013b\data\images\1955376.jpg
1047756,727-200,C:\Users\Emilija\Desktop\AircraftClassifier_CNN_SVM\data\raw\fgvc-aircraft-2013b\data\images\1047756.jpg
1136124,737-800,C:\Users\Emilija\Desktop\AircraftClassifier_CNN_SVM\data\raw\fgvc-aircraft-2013b\data\images\1136124.jpg
0395615,737-800,C:\Users\Emilija\Desktop\AircraftClassifier_CNN_SVM\data\raw\fgvc-aircraft-2013b\data\images\0395615.jpg
0907752,737-600,C:\Users\Emilija\Desktop\AircraftClassifier_CNN_SVM\data\raw\fgvc-aircraft-2013b\data\images\0907752.jpg
1368847,737-400,C:\Users\Emilija\Desktop\AircraftClassifier_CNN_SVM\data\raw\fgvc-aircraft-2013b\data\images\1368847.jpg
1551279,737-700,C:\Users\Emilija\Desktop\AircraftClassifier_CNN_SVM\data\raw\fgvc-aircraft-2013b\data\images\1551279.jpg
1285916,737-800,C:\Users\Emilija\Desktop\AircraftClassifier_CNN_SVM\data\raw\fgvc-aircraft-2013b\data\images\1285916.jpg
0798632,737-700,C:\Users\Emilija\Desktop\AircraftClassifier_CNN_SVM\data\raw\fgvc-aircraft-2013b\data\images\0798632.jpg
1375368,737-800,C:\Users\Emilija\Desktop\AircraftClassifier_CNN_SVM\data\raw\fgvc-aircraft-2013b\data\images\1375368.jpg
2127975,737-300,C:\Users\Emilija\Desktop\AircraftClassifier_CNN_SVM\data\raw\fgvc-aircraft-2013b\data\images\2127975.jpg
1215384,737-600,C:\Users\Emilija\Desktop\AircraftClassifier_CNN_SVM\data\raw\fgvc-aircraft-2013b\data\images\1215384.jpg
1483195,737-400,C:\Users\Emilija\Desktop\AircraftClassifier_CNN_SVM\data\raw\fgvc-aircraft-2013b\data\images\1483195.jpg
1051042,737-500,C:\Users\Emilija\Desktop\AircraftClassifier_CNN_SVM\data\raw\fgvc-aircraft-2013b\data\images\1051042.jpg
1080160,737-400,C:\Users\Emilija\Desktop\AircraftClassifier_CNN_SVM\data\raw\fgvc-aircraft-2013b\data\images\1080160.jpg
0467430,737-600,C:\Users\Emilija\Desktop\AircraftClassifier_CNN_SVM\data\raw\fgvc-aircraft-2013b\data\images\0467430.jpg
1277633,737-400,C:\Users\Emilija\Desktop\AircraftClassifier_CNN_SVM\data\raw\fgvc-aircraft-2013b\data\images\1277633.jpg
0242845,737-400,C:\Users\Emilija\Desktop\AircraftClassifier_CNN_SVM\data\raw\fgvc-aircraft-2013b\data\images\0242845.jpg
2227525,737-700,C:\Users\Emilija\Desktop\AircraftClassifier_CNN_SVM\data\raw\fgvc-aircraft-2013b\data\images\2227525.jpg
1637438,737-800,C:\Users\Emilija\Desktop\AircraftClassifier_CNN_SVM\data\raw\fgvc-aircraft-2013b\data\images\1637438.jpg
1398987,737-600,C:\Users\Emilija\Desktop\AircraftClassifier_CNN_SVM\data\raw\fgvc-aircraft-2013b\data\images\1398987.jpg
1611252,737-700,C:\Users\Emilija\Desktop\AircraftClassifier_CNN_SVM\data\raw\fgvc-aircraft-2013b\data\images\1611252.jpg
1881962,737-800,C:\Users\Emilija\Desktop\AircraftClassifier_CNN_SVM\data\raw\fgvc-aircraft-2013b\data\images\1881962.jpg
1476642,737-500,C:\Users\Emilija\Desktop\AircraftClassifier_CNN_SVM\data\raw\fgvc-aircraft-2013b\data\images\1476642.jpg
1582314,737-900,C:\Users\Emilija\Desktop\AircraftClassifier_CNN_SVM\data\raw\fgvc-aircraft-2013b\data\images\1582314.jpg
0809560,707-320,C:\Users\Emilija\Desktop\AircraftClassifier_CNN_SVM\data\raw\fgvc-aircraft-2013b\data\images\0809560.jpg
0784350,737-600,C:\Users\Emilija\Desktop\AircraftClassifier_CNN_SVM\data\raw\fgvc-aircraft-2013b\data\images\0784350.jpg
1356890,737-900,C:\Users\Emilija\Desktop\AircraftClassifier_CNN_SVM\data\raw\fgvc-aircraft-2013b\data\images\1356890.jpg
0184350,737-300,C:\Users\Emilija\Desktop\AircraftClassifier_CNN_SVM\data\raw\fgvc-aircraft-2013b\data\images\0184350.jpg
0306187,727-200,C:\Users\Emilija\Desktop\AircraftClassifier_CNN_SVM\data\raw\fgvc-aircraft-2013b\data\images\0306187.jpg
1411216,737-200,C:\Users\Emilija\Desktop\AircraftClassifier_CNN_SVM\data\raw\fgvc-aircraft-2013b\data\images\1411216.jpg
1833887,727-200,C:\Users\Emilija\Desktop\AircraftClassifier_CNN_SVM\data\raw\fgvc-aircraft-2013b\data\images\1833887.jpg
0748299,737-300,C:\Users\Emilija\Desktop\AircraftClassifier_CNN_SVM\data\raw\fgvc-aircraft-2013b\data\images\0748299.jpg
1152266,707-320,C:\Users\Emilija\Desktop\AircraftClassifier_CNN_SVM\data\raw\fgvc-aircraft-2013b\data\images\1152266.jpg
1627446,737-500,C:\Users\Emilija\Desktop\AircraftClassifier_CNN_SVM\data\raw\fgvc-aircraft-2013b\data\images\1627446.jpg
2099419,737-800,C:\Users\Emilija\Desktop\AircraftClassifier_CNN_SVM\data\raw\fgvc-aircraft-2013b\data\images\2099419.jpg
0887066,707-320,C:\Users\Emilija\Desktop\AircraftClassifier_CNN_SVM\data\raw\fgvc-aircraft-2013b\data\images\0887066.jpg
1456004,737-300,C:\Users\Emilija\Desktop\AircraftClassifier_CNN_SVM\data\raw\fgvc-aircraft-2013b\data\images\1456004.jpg
1691790,737-700,C:\Users\Emilija\Desktop\AircraftClassifier_CNN_SVM\data\raw\fgvc-aircraft-2013b\data\images\1691790.jpg
1471735,737-200,C:\Users\Emilija\Desktop\AircraftClassifier_CNN_SVM\data\raw\fgvc-aircraft-2013b\data\images\1471735.jpg
1846150,737-700,C:\Users\Emilija\Desktop\AircraftClassifier_CNN_SVM\data\raw\fgvc-aircraft-2013b\data\images\1846150.jpg
0256039,727-200,C:\Users\Emilija\Desktop\AircraftClassifier_CNN_SVM\data\raw\fgvc-aircraft-2013b\data\images\0256039.jpg
1001620,737-900,C:\Users\Emilija\Desktop\AircraftClassifier_CNN_SVM\data\raw\fgvc-aircraft-2013b\data\images\1001620.jpg
0632010,727-200,C:\Users\Emilija\Desktop\AircraftClassifier_CNN_SVM\data\raw\fgvc-aircraft-2013b\data\images\0632010.jpg
1298958,737-300,C:\Users\Emilija\Desktop\AircraftClassifier_CNN_SVM\data\raw\fgvc-aircraft-2013b\data\images\1298958.jpg
1043473,737-300,C:\Users\Emilija\Desktop\AircraftClassifier_CNN_SVM\data\raw\fgvc-aircraft-2013b\data\images\1043473.jpg
1017179,707-320,C:\Users\Emilija\Desktop\AircraftClassifier_CNN_SVM\data\raw\fgvc-aircraft-2013b\data\images\1017179.jpg
1471544,737-900,C:\Users\Emilija\Desktop\AircraftClassifier_CNN_SVM\data\raw\fgvc-aircraft-2013b\data\images\1471544.jpg
1650662,737-600,C:\Users\Emilija\Desktop\AircraftClassifier_CNN_SVM\data\raw\fgvc-aircraft-2013b\data\images\1650662.jpg
1795553,737-900,C:\Users\Emilija\Desktop\AircraftClassifier_CNN_SVM\data\raw\fgvc-aircraft-2013b\data\images\1795553.jpg
1102089,737-200,C:\Users\Emilija\Desktop\AircraftClassifier_CNN_SVM\data\raw\fgvc-aircraft-2013b\data\images\1102089.jpg
0732667,707-320,C:\Users\Emilija\Desktop\AircraftClassifier_CNN_SVM\data\raw\fgvc-aircraft-2013b\data\images\0732667.jpg
2071579,737-700,C:\Users\Emilija\Desktop\AircraftClassifier_CNN_SVM\data\raw\fgvc-aircraft-2013b\data\images\2071579.jpg
1100234,737-300,C:\Users\Emilija\Desktop\AircraftClassifier_CNN_SVM\data\raw\fgvc-aircraft-2013b\data\images\1100234.jpg
1368334,737-700,C:\Users\Emilija\Desktop\AircraftClassifier_CNN_SVM\data\raw\fgvc-aircraft-2013b\data\images\1368334.jpg
0649689,737-500,C:\Users\Emilija\Desktop\AircraftClassifier_CNN_SVM\data\raw\fgvc-aircraft-2013b\data\images\0649689.jpg
1421021,737-800,C:\Users\Emilija\Desktop\AircraftClassifier_CNN_SVM\data\raw\fgvc-aircraft-2013b\data\images\1421021.jpg
0869742,707-320,C:\Users\Emilija\Desktop\AircraftClassifier_CNN_SVM\data\raw\fgvc-aircraft-2013b\data\images\0869742.jpg
1446335,707-320,C:\Users\Emilija\Desktop\AircraftClassifier_CNN_SVM\data\raw\fgvc-aircraft-2013b\data\images\1446335.jpg
1884743,737-400,C:\Users\Emilija\Desktop\AircraftClassifier_CNN_SVM\data\raw\fgvc-aircraft-2013b\data\images\1884743.jpg
1529574,737-900,C:\Users\Emilija\Desktop\AircraftClassifier_CNN_SVM\data\raw\fgvc-aircraft-2013b\data\images\1529574.jpg
1133077,737-900,C:\Users\Emilija\Desktop\AircraftClassifier_CNN_SVM\data\raw\fgvc-aircraft-2013b\data\images\1133077.jpg
1572350,737-500,C:\Users\Emilija\Desktop\AircraftClassifier_CNN_SVM\data\raw\fgvc-aircraft-2013b\data\images\1572350.jpg
0434358,737-500,C:\Users\Emilija\Desktop\AircraftClassifier_CNN_SVM\data\raw\fgvc-aircraft-2013b\data\images\0434358.jpg
0090868,737-300,C:\Users\Emilija\Desktop\AircraftClassifier_CNN_SVM\data\raw\fgvc-aircraft-2013b\data\images\0090868.jpg
1149060,727-200,C:\Users\Emilija\Desktop\AircraftClassifier_CNN_SVM\data\raw\fgvc-aircraft-2013b\data\images\1149060.jpg
1514484,707-320,C:\Users\Emilija\Desktop\AircraftClassifier_CNN_SVM\data\raw\fgvc-aircraft-2013b\data\images\1514484.jpg
0842381,737-600,C:\Users\Emilija\Desktop\AircraftClassifier_CNN_SVM\data\raw\fgvc-aircraft-2013b\data\images\0842381.jpg
1238449,737-700,C:\Users\Emilija\Desktop\AircraftClassifier_CNN_SVM\data\raw\fgvc-aircraft-2013b\data\images\1238449.jpg
0624128,707-320,C:\Users\Emilija\Desktop\AircraftClassifier_CNN_SVM\data\raw\fgvc-aircraft-2013b\data\images\0624128.jpg
0701628,737-900,C:\Users\Emilija\Desktop\AircraftClassifier_CNN_SVM\data\raw\fgvc-aircraft-2013b\data\images\0701628.jpg
0768400,737-400,C:\Users\Emilija\Desktop\AircraftClassifier_CNN_SVM\data\raw\fgvc-aircraft-2013b\data\images\0768400.jpg
0837340,737-900,C:\Users\Emilija\Desktop\AircraftClassifier_CNN_SVM\data\raw\fgvc-aircraft-2013b\data\images\0837340.jpg
1852170,737-300,C:\Users\Emilija\Desktop\AircraftClassifier_CNN_SVM\data\raw\fgvc-aircraft-2013b\data\images\1852170.jpg
0081597,737-800,C:\Users\Emilija\Desktop\AircraftClassifier_CNN_SVM\data\raw\fgvc-aircraft-2013b\data\images\0081597.jpg
0658110,707-320,C:\Users\Emilija\Desktop\AircraftClassifier_CNN_SVM\data\raw\fgvc-aircraft-2013b\data\images\0658110.jpg
0218801,737-300,C:\Users\Emilija\Desktop\AircraftClassifier_CNN_SVM\data\raw\fgvc-aircraft-2013b\data\images\0218801.jpg
0817494,707-320,C:\Users\Emilija\Desktop\AircraftClassifier_CNN_SVM\data\raw\fgvc-aircraft-2013b\data\images\0817494.jpg
